,associated_work,MCorMD,engine,molecule,replicate,temperature,density,density-std,forcefield
0,MoSDeF,MC,mcccs,pentaneUA-constrain_bonds,8,372.0,0.5412667611668879,0.012207981516062444,trappe-ua
1,MoSDeF,MD,hoomd,ethanolAA,1,320.0,0.7720074389915003,0.007787305517172146,oplsaa
2,MoSDeF,MD,lammps-VU,methaneUA,15,140.0,0.3759269630691535,0.0045651983721113,trappe-ua
3,MoSDeF,MC,mcccs,ethanolAA,12,320.0,0.7673189674921297,0.007434811882097566,oplsaa
4,MoSDeF,MC,gomc,methaneUA,15,140.0,0.37579459900516665,0.003871742050158768,trappe-ua
5,MoSDeF,MD,hoomd,pentaneUA-constrain_bonds,4,372.0,0.5418892063448911,0.011892016447381698,trappe-ua
6,MoSDeF,MD,gromacs,ethanolAA,2,300.0,0.7957346250964652,0.009745231436100723,oplsaa
7,MoSDeF,MC,gomc,ethanolAA,5,300.0,0.7902697635266668,0.006953139615166792,oplsaa
8,MoSDeF,MC,cassandra,waterSPCE,5,320.0,0.9860349441641667,0.007584148288952039,spce
9,MoSDeF,MD,hoomd,waterSPCE,7,300.0,0.9978728981408326,0.00761364760868145,spce
10,MoSDeF,MC,gomc,waterSPCE,4,300.0,0.998953649413,0.006442499081110856,spce
11,MoSDeF,MD,lammps-VU,pentaneUA-flexible_bonds,9,372.0,0.5437044803621,0.01165953129589078,trappe-ua
12,MoSDeF,MC,gomc,benzeneUA,2,450.0,0.6988341939857501,0.012383269107584697,benzene-ua
13,MoSDeF,MC,cassandra,waterSPCE,7,300.0,1.0008742309408332,0.007026912526833037,spce
14,MoSDeF,MD,gromacs,ethanolAA,7,280.0,0.8168685687288116,0.009189277677585516,oplsaa
15,MoSDeF,MD,gromacs,ethanolAA,8,300.0,0.7954351399617537,0.010140761171188874,oplsaa
16,MoSDeF,MC,cassandra,waterSPCE,4,300.0,0.9973413681858333,0.007002604496981394,spce
17,MoSDeF,MC,mcccs,waterSPCE,8,300.0,0.997089065024006,0.007436352541689527,spce
18,MoSDeF,MD,hoomd,ethanolAA,5,280.0,0.8146025996693211,0.006726863409635344,oplsaa
19,MoSDeF,MC,gomc,waterSPCE,5,320.0,0.9867807803854166,0.006635797558091795,spce
20,MoSDeF,MC,mcccs,waterSPCE,4,300.0,1.0002543966035427,0.007645223435267545,spce
21,MoSDeF,MC,mcccs,pentaneUA-constrain_bonds,5,372.0,0.5416167326677871,0.011890481766921923,trappe-ua
22,MoSDeF,MC,cassandra,waterSPCE,15,320.0,0.9875941432074999,0.007050082482682396,spce
23,MoSDeF,MD,gromacs,benzeneUA,14,450.0,0.6980560330682887,0.021242711710737792,benzene-ua
24,MoSDeF,MC,mcccs,waterSPCE,10,320.0,0.9878857497852018,0.0074285970607334065,spce
25,MoSDeF,MC,mcccs,waterSPCE,9,320.0,0.9864788871765646,0.007831113907871985,spce
26,MoSDeF,MD,hoomd,waterSPCE,14,280.0,1.0066075900885885,0.007273641205333325,spce
27,MoSDeF,MD,hoomd,waterSPCE,15,280.0,1.0066005867432615,0.0073352370896752495,spce
28,MoSDeF,MD,lammps-VU,ethanolAA,12,300.0,0.7955342331607742,0.007213345360981543,oplsaa
29,MoSDeF,MC,cassandra,pentaneUA-constrain_bonds,15,372.0,0.5417956681866667,0.011552371620819941,trappe-ua
30,MoSDeF,MC,cassandra,benzeneUA,11,450.0,0.6990717188149999,0.013750876384214706,benzene-ua
31,MoSDeF,MD,gromacs,pentaneUA-flexible_bonds,4,372.0,0.5346842989922523,0.022244578496881065,trappe-ua
32,MoSDeF,MC,mcccs,benzeneUA,1,450.0,0.698119891105557,0.014117915123281428,benzene-ua
33,MoSDeF,MC,cassandra,methaneUA,12,140.0,0.37609236408583335,0.004465345800305899,trappe-ua
34,MoSDeF,MC,mcccs,benzeneUA,15,450.0,0.6997393581157746,0.013581816392036745,benzene-ua
35,MoSDeF,MC,gomc,waterSPCE,0,280.0,1.0085648553524167,0.006382679541475166,spce
36,MoSDeF,MC,cassandra,ethanolAA,1,320.0,0.7687651442891665,0.008494551347367058,oplsaa
37,MoSDeF,MD,lammps-VU,benzeneUA,10,450.0,0.6978144761714913,0.014634721933328649,benzene-ua
38,MoSDeF,MD,lammps-VU,pentaneUA-flexible_bonds,3,372.0,0.5427838197095058,0.012203235218103308,trappe-ua
39,MoSDeF,MD,hoomd,pentaneUA-constrain_bonds,7,372.0,0.5417106726634254,0.011889526902877789,trappe-ua
40,MoSDeF,MC,gomc,ethanolAA,1,320.0,0.7687967558309168,0.00754859790542189,oplsaa
41,MoSDeF,MC,gomc,methaneUA,1,140.0,0.37575686219591664,0.003907937462065398,trappe-ua
42,MoSDeF,MD,hoomd,pentaneUA-constrain_bonds,13,372.0,0.5415960684114659,0.011917672399489326,trappe-ua
43,MoSDeF,MC,mcccs,ethanolAA,4,320.0,0.7677365421828073,0.008202504131838565,oplsaa
44,MoSDeF,MD,gromacs,methaneUA,7,140.0,0.37603482502962293,0.0043873847230425506,trappe-ua
45,MoSDeF,MD,gromacs,waterSPCE,3,320.0,0.986443324189166,0.008008035026297282,spce
46,MoSDeF,MD,lammps-VU,ethanolAA,7,280.0,0.8157253488381442,0.006685317358559864,oplsaa
47,MoSDeF,MD,lammps-VU,waterSPCE,8,300.0,0.9982354975609357,0.007633766729592482,spce
48,MoSDeF,MC,mcccs,waterSPCE,15,280.0,1.0063895944166315,0.0068376697393401015,spce
49,MoSDeF,MD,hoomd,ethanolAA,8,300.0,0.7935472195034879,0.007205141150939694,oplsaa
50,MoSDeF,MC,cassandra,ethanolAA,0,300.0,0.7897599347408333,0.0070181887157944375,oplsaa
51,MoSDeF,MD,lammps-VU,waterSPCE,1,320.0,0.9862897773740973,0.007735874032295573,spce
52,MoSDeF,MD,gromacs,ethanolAA,14,320.0,0.773536512948875,0.010118899501114647,oplsaa
53,MoSDeF,MC,cassandra,ethanolAA,8,300.0,0.7923249660258335,0.007120878291327886,oplsaa
54,MoSDeF,MC,mcccs,methaneUA,9,140.0,0.37557556553782734,0.004456372600154916,trappe-ua
55,MoSDeF,MD,lammps-VU,methaneUA,3,140.0,0.37604801331034465,0.00441577391888031,trappe-ua
56,MoSDeF,MC,gomc,pentaneUA-constrain_bonds,1,372.0,0.5412649296850833,0.011499652233530945,trappe-ua
57,MoSDeF,MC,cassandra,methaneUA,10,140.0,0.37572125589,0.004519186298337708,trappe-ua
58,MoSDeF,MC,gomc,waterSPCE,1,320.0,0.9862810328648334,0.006917999789602906,spce
59,MoSDeF,MC,mcccs,waterSPCE,11,320.0,0.9868718661400635,0.007920989640851354,spce
60,MoSDeF,MC,mcccs,waterSPCE,9,280.0,1.0081298427842813,0.006359357984525192,spce
61,MoSDeF,MD,hoomd,waterSPCE,1,320.0,0.9861877365334852,0.007820483592276344,spce
62,MoSDeF,MC,cassandra,waterSPCE,15,280.0,1.0076145279758333,0.006587893375431962,spce
63,MoSDeF,MC,mcccs,benzeneUA,11,450.0,0.6987005295313742,0.013328749244889741,benzene-ua
64,MoSDeF,MD,gromacs,waterSPCE,8,280.0,1.0068886286097274,0.007470671442180965,spce
65,MoSDeF,MD,gromacs,waterSPCE,8,320.0,0.9864795046727958,0.007822632432743039,spce
66,MoSDeF,MD,gromacs,waterSPCE,5,300.0,0.9978417113452309,0.0074964598834744685,spce
67,MoSDeF,MC,gomc,pentaneUA-constrain_bonds,0,372.0,0.5401766285816667,0.011429826812204004,trappe-ua
68,MoSDeF,MD,hoomd,ethanolAA,0,280.0,0.8145190612951221,0.006679185818871566,oplsaa
69,MoSDeF,MC,gomc,pentaneUA-constrain_bonds,9,372.0,0.5404406273922501,0.010846131607897144,trappe-ua
70,MoSDeF,MD,gromacs,pentaneUA-constrain_bonds,4,372.0,0.5420017612932492,0.011747867566257434,trappe-ua
71,MoSDeF,MC,mcccs,benzeneUA,0,450.0,0.6978507282470311,0.014448167403902586,benzene-ua
72,MoSDeF,MD,hoomd,pentaneUA-flexible_bonds,11,372.0,0.5169980087587119,0.013387224735266198,trappe-ua
73,MoSDeF,MC,mcccs,waterSPCE,3,280.0,1.007573742046363,0.007885064262583704,spce
74,MoSDeF,MC,mcccs,methaneUA,4,140.0,0.3761201631097119,0.004473924387835529,trappe-ua
75,MoSDeF,MD,gromacs,pentaneUA-constrain_bonds,8,372.0,0.5417718781927208,0.01263810810005751,trappe-ua
76,MoSDeF,MC,gomc,methaneUA,11,140.0,0.37579610025116666,0.0038766142027368716,trappe-ua
77,MoSDeF,MD,hoomd,benzeneUA,12,450.0,0.6991417233646553,0.0136130935032772,benzene-ua
78,MoSDeF,MC,cassandra,benzeneUA,5,450.0,0.6972178358358333,0.014128076755229323,benzene-ua
79,MoSDeF,MD,lammps-VU,ethanolAA,5,320.0,0.7741523665320804,0.007699380769012063,oplsaa
80,MoSDeF,MC,cassandra,waterSPCE,10,320.0,0.9869035540508333,0.0083094748627626,spce
81,MoSDeF,MD,lammps-VU,ethanolAA,12,320.0,0.7739920428707959,0.00768335680799707,oplsaa
82,MoSDeF,MC,cassandra,waterSPCE,11,320.0,0.9852332833199999,0.006907201893428938,spce
83,MoSDeF,MD,lammps-VU,ethanolAA,7,320.0,0.7738388578618803,0.007517755534964653,oplsaa
84,MoSDeF,MD,hoomd,waterSPCE,10,300.0,0.9977207232558906,0.007538811994765813,spce
85,MoSDeF,MD,gromacs,ethanolAA,9,280.0,0.8161841645098715,0.008762159605031766,oplsaa
86,MoSDeF,MC,mcccs,waterSPCE,15,300.0,0.9996303021319963,0.007012435649202341,spce
87,MoSDeF,MC,cassandra,waterSPCE,2,300.0,0.9971180573983334,0.007571524134150873,spce
88,MoSDeF,MD,gromacs,waterSPCE,13,280.0,1.0066100674274325,0.007385820750550644,spce
89,MoSDeF,MC,gomc,ethanolAA,6,300.0,0.7937824000433333,0.006944415889039571,oplsaa
90,MoSDeF,MD,hoomd,pentaneUA-flexible_bonds,10,372.0,0.517654851152909,0.013234773827007948,trappe-ua
91,MoSDeF,MC,cassandra,methaneUA,4,140.0,0.3759395656325,0.004501848396972579,trappe-ua
92,MoSDeF,MC,mcccs,ethanolAA,15,320.0,0.769725478460266,0.008497279209661954,oplsaa
93,MoSDeF,MC,gomc,waterSPCE,6,320.0,0.9851102497416667,0.0077402975833685455,spce
94,MoSDeF,MD,hoomd,benzeneUA,2,450.0,0.6990175639657696,0.013788183729291272,benzene-ua
95,MoSDeF,MD,hoomd,waterSPCE,0,320.0,0.9861340706259332,0.00788711992761228,spce
96,MoSDeF,MC,gomc,waterSPCE,14,280.0,1.0063342374194166,0.006508554353914573,spce
97,MoSDeF,MC,cassandra,ethanolAA,5,300.0,0.7903367767541668,0.007528735606963092,oplsaa
98,MoSDeF,MC,mcccs,pentaneUA-constrain_bonds,6,372.0,0.5412709809650281,0.011620910975837473,trappe-ua
99,MoSDeF,MD,hoomd,pentaneUA-constrain_bonds,15,372.0,0.5416243321966292,0.011972540333268025,trappe-ua
100,MoSDeF,MD,hoomd,benzeneUA,5,450.0,0.6993207296564998,0.01366282595512844,benzene-ua
101,MoSDeF,MC,mcccs,ethanolAA,2,280.0,0.8139981301177389,0.006684034604299179,oplsaa
102,MoSDeF,MC,cassandra,ethanolAA,15,320.0,0.7681606114425,0.008142241167627377,oplsaa
103,MoSDeF,MD,lammps-VU,ethanolAA,9,300.0,0.795403797800489,0.007120377562111832,oplsaa
104,MoSDeF,MC,mcccs,ethanolAA,10,280.0,0.8140410942914426,0.006416376353510954,oplsaa
105,MoSDeF,MD,gromacs,waterSPCE,4,280.0,1.0066798094726759,0.007173575838648058,spce
106,MoSDeF,MD,hoomd,ethanolAA,9,280.0,0.8146337576298593,0.006639808683864386,oplsaa
107,MoSDeF,MC,mcccs,waterSPCE,7,300.0,0.9975285604698355,0.007328872787316817,spce
108,MoSDeF,MD,lammps-VU,waterSPCE,4,320.0,0.9864580157861701,0.007890694243203426,spce
109,MoSDeF,MD,lammps-VU,ethanolAA,9,320.0,0.7735613546058333,0.007716406008667878,oplsaa
110,MoSDeF,MD,lammps-VU,waterSPCE,2,320.0,0.986240494539121,0.00789791353088058,spce
111,MoSDeF,MD,gromacs,pentaneUA-flexible_bonds,2,372.0,0.5337383422912586,0.023367617482357505,trappe-ua
112,MoSDeF,MC,mcccs,waterSPCE,5,280.0,1.004741185140339,0.007288745129825676,spce
113,MoSDeF,MD,lammps-VU,waterSPCE,3,320.0,0.9860480036238796,0.00798957399787996,spce
114,MoSDeF,MC,mcccs,ethanolAA,6,320.0,0.769368497146214,0.007686124821895407,oplsaa
115,MoSDeF,MD,gromacs,pentaneUA-constrain_bonds,2,372.0,0.5417237644451091,0.012766549732634573,trappe-ua
116,MoSDeF,MD,gromacs,benzeneUA,2,450.0,0.7055858392042295,0.019273024840480452,benzene-ua
117,MoSDeF,MC,mcccs,methaneUA,7,140.0,0.3758223487533516,0.004322838137520546,trappe-ua
118,MoSDeF,MD,gromacs,waterSPCE,0,320.0,0.9864061324575906,0.008005289729845736,spce
119,MoSDeF,MC,cassandra,ethanolAA,2,280.0,0.8148682419075,0.007004425757475908,oplsaa
120,MoSDeF,MC,mcccs,waterSPCE,6,320.0,0.9859289137854457,0.00726531866941279,spce
121,MoSDeF,MC,cassandra,methaneUA,0,140.0,0.3756420617758333,0.004490899501958551,trappe-ua
122,MoSDeF,MD,gromacs,pentaneUA-flexible_bonds,10,372.0,0.5356219828544057,0.018838301318058016,trappe-ua
123,MoSDeF,MD,lammps-VU,waterSPCE,13,300.0,0.9982684963620363,0.007584161983737233,spce
124,MoSDeF,MD,gromacs,waterSPCE,11,280.0,1.0070442998680538,0.007387494312242676,spce
125,MoSDeF,MD,gromacs,methaneUA,11,140.0,0.3759857150884276,0.004003389513706414,trappe-ua
126,MoSDeF,MD,hoomd,methaneUA,7,140.0,0.3759266680620357,0.004464546317971058,trappe-ua
127,MoSDeF,MD,gromacs,ethanolAA,0,320.0,0.7729042104420912,0.011322472551544185,oplsaa
128,MoSDeF,MD,hoomd,ethanolAA,5,300.0,0.7936939277942147,0.0072591234932847335,oplsaa
129,MoSDeF,MD,gromacs,pentaneUA-flexible_bonds,3,372.0,0.5343427635151681,0.02146503633587818,trappe-ua
130,MoSDeF,MD,gromacs,ethanolAA,13,300.0,0.7951329141032145,0.009808356845073574,oplsaa
131,MoSDeF,MC,cassandra,waterSPCE,13,300.0,0.9982713174383334,0.006530466638132573,spce
132,MoSDeF,MC,gomc,methaneUA,12,140.0,0.3756805917304167,0.003974589414295766,trappe-ua
133,MoSDeF,MD,hoomd,ethanolAA,13,280.0,0.814284397677262,0.006712522730649838,oplsaa
134,MoSDeF,MC,mcccs,waterSPCE,1,300.0,0.9965943754572404,0.006997346282707475,spce
135,MoSDeF,MC,cassandra,pentaneUA-constrain_bonds,3,372.0,0.5418572967016666,0.01180882866251093,trappe-ua
136,MoSDeF,MD,gromacs,waterSPCE,7,280.0,1.0068344381538732,0.007444884069622843,spce
137,MoSDeF,MC,cassandra,waterSPCE,3,320.0,0.9863630509766668,0.006930322434781415,spce
138,MoSDeF,MD,lammps-VU,ethanolAA,3,300.0,0.795369439434037,0.007180053697557196,oplsaa
139,MoSDeF,MC,cassandra,waterSPCE,0,300.0,0.9970690314283334,0.00725608820826341,spce
140,MoSDeF,MD,lammps-VU,ethanolAA,2,280.0,0.8157438902143177,0.006648024078710279,oplsaa
141,MoSDeF,MC,cassandra,waterSPCE,2,320.0,0.9878375358791667,0.008177549828040798,spce
142,MoSDeF,MC,gomc,methaneUA,13,140.0,0.375841432519,0.0038504390655713736,trappe-ua
143,MoSDeF,MC,mcccs,waterSPCE,13,300.0,0.9968997911856113,0.006810213388120906,spce
144,MoSDeF,MD,gromacs,pentaneUA-flexible_bonds,8,372.0,0.5319243615266205,0.023781411923168086,trappe-ua
145,MoSDeF,MD,gromacs,waterSPCE,1,320.0,0.9864126375896696,0.008398412758997787,spce
146,MoSDeF,MC,mcccs,waterSPCE,9,300.0,0.9982308915121189,0.0084601014427153,spce
147,MoSDeF,MC,mcccs,benzeneUA,3,450.0,0.6990807010392235,0.013545605214452494,benzene-ua
148,MoSDeF,MC,cassandra,waterSPCE,9,280.0,1.0072453630816665,0.005737288147605053,spce
149,MoSDeF,MD,hoomd,waterSPCE,1,300.0,0.9978578565910717,0.007603957369886235,spce
150,MoSDeF,MD,hoomd,benzeneUA,14,450.0,0.6990068007642687,0.01361574209861776,benzene-ua
151,MoSDeF,MC,mcccs,ethanolAA,2,320.0,0.7691568254644462,0.00790248062236009,oplsaa
152,MoSDeF,MC,cassandra,ethanolAA,4,320.0,0.767752693425,0.007868580326020155,oplsaa
153,MoSDeF,MC,mcccs,ethanolAA,8,300.0,0.7910310010628241,0.007481768041319453,oplsaa
154,MoSDeF,MD,lammps-VU,ethanolAA,0,280.0,0.8164931647756168,0.00653206251095706,oplsaa
155,MoSDeF,MC,mcccs,ethanolAA,3,320.0,0.7682053395696318,0.007972693545808587,oplsaa
156,MoSDeF,MD,gromacs,waterSPCE,15,280.0,1.0066823398992077,0.007298714926087646,spce
157,MoSDeF,MD,hoomd,methaneUA,4,140.0,0.37600911742025733,0.004478259224340694,trappe-ua
158,MoSDeF,MD,hoomd,ethanolAA,12,320.0,0.7722290413365502,0.007846945370600517,oplsaa
159,MoSDeF,MD,lammps-VU,ethanolAA,14,300.0,0.7955285060340349,0.007205338924613703,oplsaa
160,MoSDeF,MD,hoomd,pentaneUA-constrain_bonds,12,372.0,0.5418014288159931,0.011824759188429651,trappe-ua
161,MoSDeF,MC,cassandra,benzeneUA,14,450.0,0.6999879425450001,0.013646716139792335,benzene-ua
162,MoSDeF,MD,hoomd,methaneUA,1,140.0,0.3759343666404782,0.004479905348120858,trappe-ua
163,MoSDeF,MC,gomc,waterSPCE,10,280.0,1.00866087245825,0.006396357909430115,spce
164,MoSDeF,MD,gromacs,waterSPCE,3,300.0,0.9978992725136614,0.00782562830996619,spce
165,MoSDeF,MC,mcccs,benzeneUA,14,450.0,0.6966730879045792,0.01339554464043353,benzene-ua
166,MoSDeF,MD,gromacs,methaneUA,1,140.0,0.3760045368184664,0.00472267303601227,trappe-ua
167,MoSDeF,MC,mcccs,waterSPCE,0,280.0,1.0079352924596734,0.007161407227324516,spce
168,MoSDeF,MD,hoomd,benzeneUA,6,450.0,0.699142318435417,0.013813531306899917,benzene-ua
169,MoSDeF,MD,hoomd,methaneUA,8,140.0,0.37602643828107357,0.004467734259690913,trappe-ua
170,MoSDeF,MC,mcccs,waterSPCE,10,300.0,1.0004473141429457,0.007731158886967992,spce
171,MoSDeF,MD,gromacs,ethanolAA,12,320.0,0.7735248966930246,0.01083045953820001,oplsaa
172,MoSDeF,MD,lammps-VU,ethanolAA,5,300.0,0.7956228520558152,0.007187894972352422,oplsaa
173,MoSDeF,MD,lammps-VU,ethanolAA,11,300.0,0.7952824501829098,0.0072037387900141265,oplsaa
174,MoSDeF,MD,lammps-VU,ethanolAA,11,320.0,0.773306266400275,0.007839714751757359,oplsaa
175,MoSDeF,MD,gromacs,waterSPCE,6,320.0,0.9862103542914464,0.007936049950145073,spce
176,MoSDeF,MD,gromacs,waterSPCE,12,280.0,1.0066519476012024,0.0076475350947612245,spce
177,MoSDeF,MD,gromacs,ethanolAA,5,300.0,0.7954860410120124,0.009612756937938947,oplsaa
178,MoSDeF,MD,hoomd,waterSPCE,12,300.0,0.9977795754761426,0.007578822627621844,spce
179,MoSDeF,MC,mcccs,methaneUA,3,140.0,0.37553158162518174,0.004493270922488585,trappe-ua
180,MoSDeF,MD,gromacs,pentaneUA-constrain_bonds,13,372.0,0.5422640265037812,0.010907588384834,trappe-ua
181,MoSDeF,MD,gromacs,ethanolAA,6,320.0,0.773551284664942,0.010862328595990692,oplsaa
182,MoSDeF,MC,mcccs,pentaneUA-constrain_bonds,1,372.0,0.540638173800088,0.012222063236672222,trappe-ua
183,MoSDeF,MC,gomc,pentaneUA-constrain_bonds,13,372.0,0.5410372612055,0.011055761448519653,trappe-ua
184,MoSDeF,MD,hoomd,pentaneUA-flexible_bonds,0,372.0,0.5165197953972608,0.013363509056423532,trappe-ua
185,MoSDeF,MC,cassandra,waterSPCE,3,300.0,0.9992533916883334,0.0071227021381791026,spce
186,MoSDeF,MD,lammps-VU,ethanolAA,6,280.0,0.8158950739038788,0.006570291251647751,oplsaa
187,MoSDeF,MD,gromacs,waterSPCE,11,320.0,0.9862207452918595,0.00821705527660155,spce
188,MoSDeF,MC,cassandra,pentaneUA-constrain_bonds,11,372.0,0.5427582696025,0.012162715618493069,trappe-ua
189,MoSDeF,MC,mcccs,waterSPCE,1,320.0,0.9869929814621552,0.00814754209692079,spce
190,MoSDeF,MD,lammps-VU,pentaneUA-flexible_bonds,6,372.0,0.5445668676174923,0.011627651977857263,trappe-ua
191,MoSDeF,MC,mcccs,methaneUA,13,140.0,0.37592282989424114,0.004421915037827522,trappe-ua
192,MoSDeF,MD,hoomd,waterSPCE,7,320.0,0.986162026202276,0.007946473264981184,spce
193,MoSDeF,MC,mcccs,waterSPCE,6,300.0,0.9953185910193876,0.007826407915148421,spce
194,MoSDeF,MD,hoomd,ethanolAA,7,280.0,0.8143589555365492,0.006759821165528579,oplsaa
195,MoSDeF,MC,cassandra,waterSPCE,8,280.0,1.0059567211575,0.006576641809657665,spce
196,MoSDeF,MC,mcccs,benzeneUA,8,450.0,0.6972902939439799,0.013888524213779615,benzene-ua
197,MoSDeF,MC,mcccs,pentaneUA-constrain_bonds,12,372.0,0.5408466937568542,0.011720549611816867,trappe-ua
198,MoSDeF,MD,lammps-VU,pentaneUA-flexible_bonds,0,372.0,0.5420251549049224,0.011896984984492057,trappe-ua
199,MoSDeF,MD,lammps-VU,ethanolAA,0,300.0,0.7955429874768352,0.0071366725204259854,oplsaa
200,MoSDeF,MC,cassandra,waterSPCE,10,280.0,1.0080349584600001,0.00646958014956026,spce
201,MoSDeF,MC,cassandra,ethanolAA,3,320.0,0.7674184783725001,0.008030435991462886,oplsaa
202,MoSDeF,MD,gromacs,waterSPCE,2,280.0,1.0068250879121052,0.007295690297861818,spce
203,MoSDeF,MD,gromacs,pentaneUA-flexible_bonds,15,372.0,0.5352925841711541,0.02249138078348705,trappe-ua
204,MoSDeF,MD,gromacs,waterSPCE,2,320.0,0.9862796448888934,0.007834270688830634,spce
205,MoSDeF,MC,cassandra,pentaneUA-constrain_bonds,0,372.0,0.5399878586216666,0.011981435954573497,trappe-ua
206,MoSDeF,MD,gromacs,methaneUA,0,140.0,0.37594678972530693,0.004573640452749442,trappe-ua
207,MoSDeF,MC,mcccs,waterSPCE,3,300.0,0.9979025229578722,0.007771387220127732,spce
208,MoSDeF,MC,cassandra,methaneUA,7,140.0,0.375551679835,0.004527566818796106,trappe-ua
209,MoSDeF,MC,gomc,benzeneUA,13,450.0,0.6991593008645,0.012225775080712183,benzene-ua
210,MoSDeF,MD,lammps-VU,benzeneUA,1,450.0,0.6974644651412983,0.014380810726784841,benzene-ua
211,MoSDeF,MD,hoomd,pentaneUA-flexible_bonds,2,372.0,0.5171278893347778,0.013286052200246786,trappe-ua
212,MoSDeF,MD,hoomd,ethanolAA,15,280.0,0.814460207688048,0.006685660107352804,oplsaa
213,MoSDeF,MC,cassandra,waterSPCE,7,320.0,0.9877806163475,0.007815804160769414,spce
214,MoSDeF,MD,gromacs,pentaneUA-constrain_bonds,6,372.0,0.5411927225394765,0.012600837863882379,trappe-ua
215,MoSDeF,MC,gomc,waterSPCE,11,320.0,0.9857354598689999,0.006802925624052288,spce
216,MoSDeF,MD,gromacs,ethanolAA,2,320.0,0.7742478936219591,0.010629512639657352,oplsaa
217,MoSDeF,MD,lammps-VU,benzeneUA,12,450.0,0.6972969616058982,0.01453985643428469,benzene-ua
218,MoSDeF,MC,mcccs,waterSPCE,2,320.0,0.9859633318271451,0.007754599514968956,spce
219,MoSDeF,MD,lammps-VU,benzeneUA,9,450.0,0.6977798215978352,0.014560433936351388,benzene-ua
220,MoSDeF,MD,hoomd,waterSPCE,0,280.0,1.006579916379694,0.007339336822003118,spce
221,MoSDeF,MC,cassandra,benzeneUA,0,450.0,0.6994948431933333,0.013602031521625322,benzene-ua
222,MoSDeF,MD,hoomd,ethanolAA,4,320.0,0.7721263352147012,0.007800083290089399,oplsaa
223,MoSDeF,MC,gomc,benzeneUA,5,450.0,0.6992561450223334,0.012288647962308582,benzene-ua
224,MoSDeF,MC,gomc,ethanolAA,0,300.0,0.7908200466058334,0.006947755793544675,oplsaa
225,MoSDeF,MD,hoomd,ethanolAA,13,300.0,0.7936723038027035,0.007263381716521119,oplsaa
226,MoSDeF,MC,mcccs,ethanolAA,5,320.0,0.7682683982367406,0.00853431560788916,oplsaa
227,MoSDeF,MC,gomc,ethanolAA,12,300.0,0.7895398526610834,0.007038187286239347,oplsaa
228,MoSDeF,MD,lammps-VU,ethanolAA,11,280.0,0.8156775792586238,0.0067158517861959826,oplsaa
229,MoSDeF,MD,hoomd,waterSPCE,5,280.0,1.0066607537260182,0.0073645682459001745,spce
230,MoSDeF,MC,gomc,methaneUA,5,140.0,0.37565626551066666,0.0037689509777983974,trappe-ua
231,MoSDeF,MC,cassandra,benzeneUA,4,450.0,0.6983458939075,0.013932506672254378,benzene-ua
232,MoSDeF,MD,lammps-VU,ethanolAA,3,280.0,0.8158456129075045,0.0068351125707692304,oplsaa
233,MoSDeF,MD,hoomd,waterSPCE,11,320.0,0.9862764291748551,0.007824978824878688,spce
234,MoSDeF,MC,cassandra,ethanolAA,8,280.0,0.8137915750191665,0.006589848354737021,oplsaa
235,MoSDeF,MD,gromacs,waterSPCE,11,300.0,0.9977111509582849,0.00777686876711902,spce
236,MoSDeF,MD,lammps-VU,waterSPCE,6,300.0,0.9980626729472769,0.007581503567281054,spce
237,MoSDeF,MC,mcccs,benzeneUA,6,450.0,0.6998218592792068,0.014019515576937657,benzene-ua
238,MoSDeF,MC,mcccs,ethanolAA,14,280.0,0.8130817453185692,0.00611903707042958,oplsaa
239,MoSDeF,MC,gomc,ethanolAA,10,320.0,0.7674580921323333,0.008298101928142856,oplsaa
240,MoSDeF,MD,gromacs,ethanolAA,0,300.0,0.795367829205155,0.009106411353974697,oplsaa
241,MoSDeF,MD,lammps-VU,waterSPCE,7,280.0,1.0065977640461443,0.007465172377926739,spce
242,MoSDeF,MC,mcccs,waterSPCE,15,320.0,0.9849350286595556,0.00740413734673408,spce
243,MoSDeF,MD,gromacs,pentaneUA-flexible_bonds,9,372.0,0.5319182260166619,0.020626776923027362,trappe-ua
244,MoSDeF,MD,hoomd,pentaneUA-flexible_bonds,1,372.0,0.5178758037559813,0.01320565967781467,trappe-ua
245,MoSDeF,MC,cassandra,ethanolAA,1,300.0,0.7920879047183335,0.007390358337742578,oplsaa
246,MoSDeF,MD,hoomd,ethanolAA,11,320.0,0.7722701289588596,0.007783161733245014,oplsaa
247,MoSDeF,MD,gromacs,methaneUA,8,140.0,0.37602750646770056,0.004451011646665771,trappe-ua
248,MoSDeF,MC,mcccs,ethanolAA,11,280.0,0.8103351870252613,0.0063836103821768376,oplsaa
249,MoSDeF,MC,mcccs,ethanolAA,1,280.0,0.812567647238162,0.006960061868376214,oplsaa
250,MoSDeF,MD,gromacs,ethanolAA,5,320.0,0.7738506109813194,0.011028415309447377,oplsaa
251,MoSDeF,MC,mcccs,pentaneUA-constrain_bonds,14,372.0,0.5416337608192416,0.012282728888811774,trappe-ua
252,MoSDeF,MC,gomc,pentaneUA-constrain_bonds,14,372.0,0.5400491942365834,0.011347445275558884,trappe-ua
253,MoSDeF,MC,mcccs,ethanolAA,3,300.0,0.7926814767315709,0.007424676347072174,oplsaa
254,MoSDeF,MC,gomc,ethanolAA,12,320.0,0.7674759010094999,0.007396282535668162,oplsaa
255,MoSDeF,MD,lammps-VU,pentaneUA-flexible_bonds,15,372.0,0.543294716027988,0.01148068456636656,trappe-ua
256,MoSDeF,MC,cassandra,ethanolAA,13,280.0,0.8151797777091666,0.006335857962838295,oplsaa
257,MoSDeF,MD,hoomd,pentaneUA-flexible_bonds,3,372.0,0.5161862354643917,0.013345140630730189,trappe-ua
258,MoSDeF,MD,hoomd,benzeneUA,9,450.0,0.6990726331946112,0.013593786222329114,benzene-ua
259,MoSDeF,MD,lammps-VU,benzeneUA,15,450.0,0.6978185734798212,0.014306527534347855,benzene-ua
260,MoSDeF,MD,gromacs,pentaneUA-flexible_bonds,6,372.0,0.534679662547715,0.021787659436461975,trappe-ua
261,MoSDeF,MD,hoomd,waterSPCE,2,280.0,1.0065575597237337,0.0072865343273819695,spce
262,MoSDeF,MC,gomc,ethanolAA,6,280.0,0.8143300107108333,0.0063176433412925025,oplsaa
263,MoSDeF,MD,lammps-VU,waterSPCE,15,320.0,0.9860950879621414,0.00800419546677107,spce
264,MoSDeF,MC,gomc,ethanolAA,8,300.0,0.7916764316774166,0.006115776237976927,oplsaa
265,MoSDeF,MD,gromacs,ethanolAA,9,300.0,0.7956155037425132,0.010028810737402763,oplsaa
266,MoSDeF,MC,gomc,ethanolAA,2,320.0,0.7678550335616666,0.007839603614047503,oplsaa
267,MoSDeF,MC,cassandra,ethanolAA,0,280.0,0.8131447807275001,0.006258672596336346,oplsaa
268,MoSDeF,MC,mcccs,benzeneUA,7,450.0,0.6984179880432168,0.01384399905482829,benzene-ua
269,MoSDeF,MD,lammps-VU,waterSPCE,4,280.0,1.0068560467922945,0.007352944571614975,spce
270,MoSDeF,MD,hoomd,ethanolAA,2,300.0,0.7937777157937661,0.007227038960415177,oplsaa
271,MoSDeF,MD,gromacs,waterSPCE,1,280.0,1.0065723132717208,0.007270295729016806,spce
272,MoSDeF,MC,gomc,benzeneUA,10,450.0,0.6974448514695,0.012575219366537459,benzene-ua
273,MoSDeF,MC,mcccs,waterSPCE,13,280.0,1.0087261696535452,0.007046222822869507,spce
274,MoSDeF,MD,hoomd,pentaneUA-flexible_bonds,8,372.0,0.5176978287607538,0.013039305835476066,trappe-ua
275,MoSDeF,MD,lammps-VU,waterSPCE,12,280.0,1.0069131497948653,0.0075084780799788585,spce
276,MoSDeF,MD,hoomd,ethanolAA,2,320.0,0.7719591594178933,0.007869623008310588,oplsaa
277,MoSDeF,MD,lammps-VU,ethanolAA,12,280.0,0.8156450053142364,0.0067926518422261155,oplsaa
278,MoSDeF,MC,mcccs,ethanolAA,12,280.0,0.8124659015374733,0.0065245577667379685,oplsaa
279,MoSDeF,MC,cassandra,benzeneUA,13,450.0,0.6975316665983334,0.013445756679748755,benzene-ua
280,MoSDeF,MD,gromacs,waterSPCE,10,320.0,0.9863114918520203,0.007715561355104472,spce
281,MoSDeF,MC,gomc,ethanolAA,3,280.0,0.81225005201075,0.005914701903870923,oplsaa
282,MoSDeF,MD,hoomd,ethanolAA,1,300.0,0.7935822944660936,0.007216126832362031,oplsaa
283,MoSDeF,MC,gomc,waterSPCE,12,320.0,0.98626349976725,0.006769493169674081,spce
284,MoSDeF,MD,gromacs,benzeneUA,10,450.0,0.6944006304696092,0.02190576580851961,benzene-ua
285,MoSDeF,MC,cassandra,ethanolAA,10,280.0,0.8116949869308334,0.006603455521496904,oplsaa
286,MoSDeF,MD,hoomd,pentaneUA-constrain_bonds,10,372.0,0.5415841663119386,0.011926230707880148,trappe-ua
287,MoSDeF,MD,hoomd,ethanolAA,15,300.0,0.7937971504410731,0.007175379401172976,oplsaa
288,MoSDeF,MC,gomc,waterSPCE,0,300.0,0.9985115754719166,0.006482604358504377,spce
289,MoSDeF,MC,gomc,waterSPCE,7,320.0,0.9870456707527501,0.007168103884069655,spce
290,MoSDeF,MD,gromacs,methaneUA,14,140.0,0.3758748416454404,0.004560849309662195,trappe-ua
291,MoSDeF,MC,gomc,pentaneUA-constrain_bonds,11,372.0,0.5403839281442501,0.011401018638311236,trappe-ua
292,MoSDeF,MD,hoomd,pentaneUA-flexible_bonds,15,372.0,0.5167740116560765,0.013286078533952436,trappe-ua
293,MoSDeF,MD,gromacs,pentaneUA-flexible_bonds,7,372.0,0.5353139405688199,0.018957598731893174,trappe-ua
294,MoSDeF,MD,hoomd,pentaneUA-flexible_bonds,5,372.0,0.5173338114957351,0.013000605762696989,trappe-ua
295,MoSDeF,MD,hoomd,ethanolAA,0,300.0,0.7938398406730686,0.00723593379613814,oplsaa
296,MoSDeF,MC,gomc,benzeneUA,3,450.0,0.6993213888484167,0.013047509113014312,benzene-ua
297,MoSDeF,MD,hoomd,ethanolAA,1,280.0,0.8145969242775571,0.006679245363627804,oplsaa
298,MoSDeF,MD,lammps-VU,benzeneUA,6,450.0,0.6978658765596176,0.014421914329501446,benzene-ua
299,MoSDeF,MD,hoomd,ethanolAA,12,300.0,0.7937608654413563,0.007235599055415047,oplsaa
300,MoSDeF,MC,gomc,waterSPCE,0,320.0,0.9858620908148333,0.00665041865701658,spce
301,MoSDeF,MC,gomc,ethanolAA,14,280.0,0.811977828373,0.005904091979467571,oplsaa
302,MoSDeF,MC,mcccs,waterSPCE,7,320.0,0.9865890572541091,0.007370487361915265,spce
303,MoSDeF,MC,mcccs,ethanolAA,13,320.0,0.7669355489261895,0.00790628484168068,oplsaa
304,MoSDeF,MC,gomc,benzeneUA,15,450.0,0.6980508942263334,0.012933354381241349,benzene-ua
305,MoSDeF,MC,mcccs,waterSPCE,6,280.0,1.0077290599918312,0.006915119283355984,spce
306,MoSDeF,MD,lammps-VU,ethanolAA,10,300.0,0.7953587060132353,0.0070806119427067405,oplsaa
307,MoSDeF,MD,hoomd,waterSPCE,13,280.0,1.0066945457405587,0.0072385396558229,spce
308,MoSDeF,MC,cassandra,ethanolAA,9,300.0,0.7903282398358333,0.007967277878283456,oplsaa
309,MoSDeF,MD,gromacs,pentaneUA-constrain_bonds,14,372.0,0.5422668154052295,0.012212547722661952,trappe-ua
310,MoSDeF,MD,lammps-VU,benzeneUA,11,450.0,0.6975751656801776,0.014537700481461491,benzene-ua
311,MoSDeF,MC,mcccs,pentaneUA-constrain_bonds,9,372.0,0.5408571873395708,0.012067611126290689,trappe-ua
312,MoSDeF,MC,gomc,ethanolAA,11,320.0,0.7703883399800834,0.0070504402529335845,oplsaa
313,MoSDeF,MC,gomc,ethanolAA,3,320.0,0.76909183965425,0.007300385874546468,oplsaa
314,MoSDeF,MD,hoomd,pentaneUA-constrain_bonds,2,372.0,0.5414395741767555,0.012025353019144253,trappe-ua
315,MoSDeF,MD,lammps-VU,waterSPCE,4,300.0,0.9982115665363077,0.007564075702779756,spce
316,MoSDeF,MC,gomc,ethanolAA,5,280.0,0.8130381418395833,0.006625589120400698,oplsaa
317,MoSDeF,MD,hoomd,ethanolAA,3,320.0,0.7722521531940372,0.007855053642424845,oplsaa
318,MoSDeF,MC,mcccs,methaneUA,0,140.0,0.3754841075106382,0.00444318424030723,trappe-ua
319,MoSDeF,MD,lammps-VU,waterSPCE,0,320.0,0.986268328918401,0.007865608471887872,spce
320,MoSDeF,MD,hoomd,waterSPCE,4,280.0,1.0066886921469558,0.007294971796682256,spce
321,MoSDeF,MC,gomc,methaneUA,4,140.0,0.37609202204450004,0.003817292467165124,trappe-ua
322,MoSDeF,MC,cassandra,benzeneUA,9,450.0,0.6996004632558334,0.013633986839795364,benzene-ua
323,MoSDeF,MC,cassandra,waterSPCE,2,280.0,1.0061146078883334,0.007767776343057137,spce
324,MoSDeF,MC,mcccs,methaneUA,11,140.0,0.37588496196480176,0.004480619327745282,trappe-ua
325,MoSDeF,MD,lammps-VU,waterSPCE,8,320.0,0.9862079073549787,0.007968604023077523,spce
326,MoSDeF,MC,mcccs,pentaneUA-constrain_bonds,3,372.0,0.5413470058300639,0.012181560416133224,trappe-ua
327,MoSDeF,MD,gromacs,waterSPCE,9,320.0,0.9863694686965927,0.008262879557695306,spce
328,MoSDeF,MC,mcccs,pentaneUA-constrain_bonds,2,372.0,0.5413699372195987,0.011937012348893418,trappe-ua
329,MoSDeF,MD,lammps-VU,waterSPCE,2,280.0,1.006994001825012,0.007221456333277307,spce
330,MoSDeF,MD,lammps-VU,ethanolAA,3,320.0,0.7743342168528027,0.007663005130066113,oplsaa
331,MoSDeF,MD,lammps-VU,waterSPCE,15,280.0,1.006816535834366,0.007140244253703519,spce
332,MoSDeF,MD,hoomd,methaneUA,2,140.0,0.37596326882939607,0.004465735573837306,trappe-ua
333,MoSDeF,MC,gomc,ethanolAA,8,320.0,0.76798310769125,0.007185476078432684,oplsaa
334,MoSDeF,MD,hoomd,ethanolAA,0,320.0,0.7722029775387156,0.007769794256949404,oplsaa
335,MoSDeF,MD,gromacs,benzeneUA,15,450.0,0.6986426728814393,0.022820995180469587,benzene-ua
336,MoSDeF,MD,gromacs,waterSPCE,0,280.0,1.0067600747794778,0.0072653051315925395,spce
337,MoSDeF,MC,gomc,benzeneUA,14,450.0,0.6991564700690833,0.013639465593175505,benzene-ua
338,MoSDeF,MD,gromacs,pentaneUA-flexible_bonds,14,372.0,0.533692813164662,0.020302070027615055,trappe-ua
339,MoSDeF,MD,gromacs,waterSPCE,14,300.0,0.9978780900924308,0.00760050355682906,spce
340,MoSDeF,MD,hoomd,ethanolAA,15,320.0,0.7721716607155289,0.007901919601009774,oplsaa
341,MoSDeF,MC,cassandra,ethanolAA,12,300.0,0.7923055005983333,0.007205545763139161,oplsaa
342,MoSDeF,MC,mcccs,pentaneUA-constrain_bonds,4,372.0,0.5405756008399745,0.012246655194683195,trappe-ua
343,MoSDeF,MD,lammps-VU,pentaneUA-flexible_bonds,14,372.0,0.5440413968954716,0.011658429522257856,trappe-ua
344,MoSDeF,MC,cassandra,waterSPCE,3,280.0,1.0069867591600001,0.007060391213400274,spce
345,MoSDeF,MD,gromacs,waterSPCE,9,300.0,0.9979389205410871,0.007653643407780039,spce
346,MoSDeF,MC,mcccs,ethanolAA,11,320.0,0.7690248385828504,0.007768446473947495,oplsaa
347,MoSDeF,MC,mcccs,ethanolAA,4,300.0,0.791702645295327,0.0071363163447648315,oplsaa
348,MoSDeF,MD,hoomd,pentaneUA-flexible_bonds,7,372.0,0.5170600361151397,0.013069491892833723,trappe-ua
349,MoSDeF,MD,lammps-VU,methaneUA,5,140.0,0.37591285675707603,0.0045465984975169675,trappe-ua
350,MoSDeF,MC,cassandra,methaneUA,5,140.0,0.37585325953,0.004453246684165636,trappe-ua
351,MoSDeF,MD,gromacs,waterSPCE,6,280.0,1.0065653068971168,0.007562979615101145,spce
352,MoSDeF,MD,lammps-VU,ethanolAA,4,280.0,0.8156630093783972,0.00666384581912714,oplsaa
353,MoSDeF,MC,mcccs,ethanolAA,8,280.0,0.8121194305927297,0.0067917676762769075,oplsaa
354,MoSDeF,MC,cassandra,ethanolAA,15,280.0,0.8151265090441667,0.006183241771026139,oplsaa
355,MoSDeF,MC,cassandra,ethanolAA,11,320.0,0.7688305247674999,0.007636085987952618,oplsaa
356,MoSDeF,MC,cassandra,ethanolAA,9,280.0,0.8134449957166668,0.006690706905202126,oplsaa
357,MoSDeF,MC,mcccs,waterSPCE,11,300.0,0.9968828820728759,0.007347240816481334,spce
358,MoSDeF,MC,gomc,pentaneUA-constrain_bonds,2,372.0,0.5408845382643334,0.011241842353417662,trappe-ua
359,MoSDeF,MD,gromacs,pentaneUA-constrain_bonds,3,372.0,0.5422027427888445,0.012400779859768198,trappe-ua
360,MoSDeF,MC,cassandra,ethanolAA,9,320.0,0.7692882571458334,0.007887915020583296,oplsaa
361,MoSDeF,MC,gomc,waterSPCE,14,320.0,0.9873637511238333,0.006777803120559922,spce
362,MoSDeF,MC,mcccs,benzeneUA,12,450.0,0.6977337563429048,0.014406855223721236,benzene-ua
363,MoSDeF,MD,lammps-VU,waterSPCE,1,300.0,0.9982724981946818,0.007791619617966033,spce
364,MoSDeF,MC,gomc,waterSPCE,8,300.0,0.9958648374141666,0.007259248338712633,spce
365,MoSDeF,MD,lammps-VU,pentaneUA-flexible_bonds,5,372.0,0.5425263350378067,0.010875418894952664,trappe-ua
366,MoSDeF,MC,mcccs,ethanolAA,11,300.0,0.7913153304497497,0.006661617942160024,oplsaa
367,MoSDeF,MC,mcccs,ethanolAA,5,300.0,0.7907903847240757,0.007328677256248127,oplsaa
368,MoSDeF,MD,hoomd,waterSPCE,12,280.0,1.0066507183991822,0.007259746570467043,spce
369,MoSDeF,MC,cassandra,benzeneUA,3,450.0,0.6987580109066667,0.013011416353327638,benzene-ua
370,MoSDeF,MD,hoomd,waterSPCE,14,300.0,0.9978935277665064,0.007546222655814911,spce
371,MoSDeF,MD,hoomd,pentaneUA-flexible_bonds,4,372.0,0.5174425724644148,0.013152905341072768,trappe-ua
372,MoSDeF,MC,cassandra,ethanolAA,4,300.0,0.7930129487808334,0.006959069216358983,oplsaa
373,MoSDeF,MD,gromacs,pentaneUA-flexible_bonds,5,372.0,0.5332639290074115,0.020705384677764366,trappe-ua
374,MoSDeF,MD,lammps-VU,ethanolAA,14,280.0,0.8159126684536949,0.006658169051209832,oplsaa
375,MoSDeF,MD,hoomd,pentaneUA-constrain_bonds,3,372.0,0.5414602806251,0.011951199034826557,trappe-ua
376,MoSDeF,MC,gomc,ethanolAA,4,300.0,0.7926487707889167,0.0070311839574822305,oplsaa
377,MoSDeF,MD,lammps-VU,benzeneUA,8,450.0,0.6978389909983201,0.014581802496696394,benzene-ua
378,MoSDeF,MD,lammps-VU,methaneUA,1,140.0,0.3759263828704195,0.004494146961355497,trappe-ua
379,MoSDeF,MC,cassandra,methaneUA,15,140.0,0.3759596094799999,0.00442902139038544,trappe-ua
380,MoSDeF,MD,gromacs,methaneUA,15,140.0,0.376026453791273,0.004755302671881264,trappe-ua
381,MoSDeF,MC,gomc,ethanolAA,5,320.0,0.7666089339775833,0.008162723444735199,oplsaa
382,MoSDeF,MC,mcccs,ethanolAA,9,320.0,0.7690715511491142,0.007719432081801055,oplsaa
383,MoSDeF,MC,cassandra,waterSPCE,12,320.0,0.9868125940716667,0.007282151520928618,spce
384,MoSDeF,MC,gomc,ethanolAA,15,280.0,0.8147271394131667,0.006362429346867875,oplsaa
385,MoSDeF,MD,gromacs,methaneUA,4,140.0,0.37598567917642056,0.004445480420644921,trappe-ua
386,MoSDeF,MD,gromacs,ethanolAA,10,280.0,0.8166137873011337,0.009206929765910268,oplsaa
387,MoSDeF,MD,gromacs,benzeneUA,3,450.0,0.7055999058733176,0.01955097439759383,benzene-ua
388,MoSDeF,MD,lammps-VU,benzeneUA,3,450.0,0.6971625307837085,0.014179874298456855,benzene-ua
389,MoSDeF,MC,cassandra,pentaneUA-constrain_bonds,4,372.0,0.54177088648,0.011748052485546888,trappe-ua
390,MoSDeF,MC,cassandra,ethanolAA,11,280.0,0.8162145892125001,0.006645869054838621,oplsaa
391,MoSDeF,MD,lammps-VU,ethanolAA,10,280.0,0.8156493502475481,0.006832848468348772,oplsaa
392,MoSDeF,MC,gomc,waterSPCE,13,300.0,0.9984664783557501,0.0061782043800652775,spce
393,MoSDeF,MC,mcccs,ethanolAA,14,320.0,0.7686631602478686,0.007781956032800871,oplsaa
394,MoSDeF,MC,cassandra,pentaneUA-constrain_bonds,5,372.0,0.5395209063833334,0.011767971845112475,trappe-ua
395,MoSDeF,MD,gromacs,pentaneUA-flexible_bonds,12,372.0,0.5347965010086362,0.020223056759669792,trappe-ua
396,MoSDeF,MC,mcccs,methaneUA,1,140.0,0.3757613549621584,0.004385919240993132,trappe-ua
397,MoSDeF,MC,mcccs,ethanolAA,15,300.0,0.7915993465514982,0.0073887205215354,oplsaa
398,MoSDeF,MD,lammps-VU,waterSPCE,10,280.0,1.0070041717825595,0.007268396834231682,spce
399,MoSDeF,MC,gomc,pentaneUA-constrain_bonds,5,372.0,0.5406647302320833,0.011801638958479403,trappe-ua
400,MoSDeF,MC,cassandra,ethanolAA,13,320.0,0.76801707298,0.00829423456610005,oplsaa
401,MoSDeF,MD,gromacs,pentaneUA-constrain_bonds,5,372.0,0.5422058621295761,0.01170493472794755,trappe-ua
402,MoSDeF,MD,gromacs,waterSPCE,12,300.0,0.9979350651232057,0.007951461510824247,spce
403,MoSDeF,MD,gromacs,ethanolAA,3,320.0,0.7734308242721573,0.010492953178230593,oplsaa
404,MoSDeF,MD,gromacs,methaneUA,10,140.0,0.37593397308087206,0.00418697941557756,trappe-ua
405,MoSDeF,MC,mcccs,waterSPCE,14,320.0,0.9862784017389139,0.007708254387957289,spce
406,MoSDeF,MD,hoomd,methaneUA,14,140.0,0.37593709058499986,0.004492879591831507,trappe-ua
407,MoSDeF,MC,gomc,waterSPCE,7,280.0,1.0074087050387501,0.005368799957904784,spce
408,MoSDeF,MD,gromacs,pentaneUA-constrain_bonds,0,372.0,0.5414585387915093,0.013406272175003191,trappe-ua
409,MoSDeF,MC,cassandra,ethanolAA,8,320.0,0.7703281397675,0.007519827679323895,oplsaa
410,MoSDeF,MC,mcccs,ethanolAA,0,300.0,0.7913779201531504,0.007179924436080648,oplsaa
411,MoSDeF,MD,lammps-VU,waterSPCE,12,300.0,0.9980135730146361,0.0075071879260848575,spce
412,MoSDeF,MC,gomc,waterSPCE,15,300.0,0.9995392248825001,0.007691979293272957,spce
413,MoSDeF,MD,gromacs,ethanolAA,15,300.0,0.795659875556627,0.009795568392186836,oplsaa
414,MoSDeF,MC,mcccs,ethanolAA,3,280.0,0.8127116030072354,0.006626593505993828,oplsaa
415,MoSDeF,MD,gromacs,ethanolAA,7,300.0,0.7956568238789629,0.009611988542959134,oplsaa
416,MoSDeF,MC,gomc,methaneUA,8,140.0,0.37586347529325,0.003838459432536458,trappe-ua
417,MoSDeF,MD,gromacs,methaneUA,3,140.0,0.37601413981119786,0.004316723038597337,trappe-ua
418,MoSDeF,MC,mcccs,waterSPCE,14,300.0,0.9966475434523544,0.007366282448281603,spce
419,MoSDeF,MD,hoomd,ethanolAA,8,320.0,0.772043898108851,0.007874911733621728,oplsaa
420,MoSDeF,MC,mcccs,methaneUA,15,140.0,0.3754862433454743,0.00449207319972154,trappe-ua
421,MoSDeF,MC,mcccs,ethanolAA,7,280.0,0.8132907557969075,0.006449308339023777,oplsaa
422,MoSDeF,MD,lammps-VU,waterSPCE,7,320.0,0.9862715681467853,0.007794909046327397,spce
423,MoSDeF,MD,hoomd,waterSPCE,0,300.0,0.9976759341314951,0.007536871993308654,spce
424,MoSDeF,MC,cassandra,pentaneUA-constrain_bonds,9,372.0,0.5401197234033333,0.01192837906204082,trappe-ua
425,MoSDeF,MD,gromacs,pentaneUA-constrain_bonds,10,372.0,0.5422698112965297,0.01254764947754842,trappe-ua
426,MoSDeF,MC,cassandra,pentaneUA-constrain_bonds,7,372.0,0.5419089410300001,0.012043822136101761,trappe-ua
427,MoSDeF,MD,lammps-VU,benzeneUA,0,450.0,0.6976088997521284,0.014565053922510928,benzene-ua
428,MoSDeF,MC,mcccs,ethanolAA,13,300.0,0.7919242100435957,0.006924113237320705,oplsaa
429,MoSDeF,MD,lammps-VU,ethanolAA,6,300.0,0.7954337692088053,0.007205341218538548,oplsaa
430,MoSDeF,MC,cassandra,waterSPCE,11,280.0,1.0061795781375,0.007003214920789583,spce
431,MoSDeF,MC,gomc,ethanolAA,6,320.0,0.7669607030134166,0.007937359914543293,oplsaa
432,MoSDeF,MD,hoomd,waterSPCE,5,320.0,0.9861908211695741,0.007865519074671621,spce
433,MoSDeF,MD,hoomd,waterSPCE,4,320.0,0.9862693151442333,0.007933394977182673,spce
434,MoSDeF,MD,hoomd,methaneUA,11,140.0,0.3759940736928414,0.004475124849216382,trappe-ua
435,MoSDeF,MD,hoomd,methaneUA,6,140.0,0.37596661820149746,0.00448825115334409,trappe-ua
436,MoSDeF,MC,cassandra,ethanolAA,13,300.0,0.7913862280933333,0.007160378912048331,oplsaa
437,MoSDeF,MC,gomc,methaneUA,7,140.0,0.37569221138549996,0.0038841599824276326,trappe-ua
438,MoSDeF,MD,gromacs,benzeneUA,9,450.0,0.7065097220546125,0.019831386308163022,benzene-ua
439,MoSDeF,MD,lammps-VU,waterSPCE,5,280.0,1.0069521532448162,0.007346128516579507,spce
440,MoSDeF,MC,mcccs,waterSPCE,1,280.0,1.0067849892182728,0.00711135561829451,spce
441,MoSDeF,MD,gromacs,waterSPCE,10,280.0,1.0069667807893499,0.007166188634642715,spce
442,MoSDeF,MD,hoomd,methaneUA,10,140.0,0.3759158249381092,0.004463194097290407,trappe-ua
443,MoSDeF,MD,gromacs,ethanolAA,4,320.0,0.7739136979855006,0.010407067802187597,oplsaa
444,MoSDeF,MC,cassandra,ethanolAA,12,320.0,0.7704575499924999,0.008001961729044965,oplsaa
445,MoSDeF,MD,gromacs,waterSPCE,8,300.0,0.9978604015891157,0.007514351983039706,spce
446,MoSDeF,MC,gomc,waterSPCE,8,320.0,0.9859919454710833,0.00692124267245554,spce
447,MoSDeF,MD,lammps-VU,benzeneUA,7,450.0,0.6973333952916113,0.01461802454233013,benzene-ua
448,MoSDeF,MD,lammps-VU,waterSPCE,3,300.0,0.9980714537177966,0.007547699216942005,spce
449,MoSDeF,MC,cassandra,methaneUA,2,140.0,0.3754438775883333,0.004641094528030489,trappe-ua
450,MoSDeF,MC,cassandra,ethanolAA,7,280.0,0.8112717878500001,0.0064052048513826565,oplsaa
451,MoSDeF,MC,cassandra,waterSPCE,4,280.0,1.00607020755,0.006964760724109512,spce
452,MoSDeF,MC,gomc,ethanolAA,15,320.0,0.7674052363399999,0.00784987694232118,oplsaa
453,MoSDeF,MC,cassandra,benzeneUA,1,450.0,0.6993350071208333,0.013488187668717788,benzene-ua
454,MoSDeF,MC,cassandra,waterSPCE,14,280.0,1.0014173659458334,0.007154020421828537,spce
455,MoSDeF,MD,lammps-VU,ethanolAA,10,320.0,0.773762924216886,0.007903974209029056,oplsaa
456,MoSDeF,MD,lammps-VU,benzeneUA,2,450.0,0.6978132983639088,0.014727913830336541,benzene-ua
457,MoSDeF,MD,hoomd,benzeneUA,7,450.0,0.6992010063711143,0.013549204249983262,benzene-ua
458,MoSDeF,MC,cassandra,ethanolAA,14,280.0,0.8131678767091667,0.006806595799732622,oplsaa
459,MoSDeF,MD,lammps-VU,ethanolAA,8,300.0,0.7950405073771856,0.007009477727822631,oplsaa
460,MoSDeF,MD,gromacs,pentaneUA-constrain_bonds,7,372.0,0.5419235175975059,0.012571713165654568,trappe-ua
461,MoSDeF,MD,lammps-VU,waterSPCE,5,300.0,0.9978095063465237,0.007634435414650511,spce
462,MoSDeF,MC,gomc,ethanolAA,2,300.0,0.7914251200525,0.006273248702886748,oplsaa
463,MoSDeF,MD,lammps-VU,waterSPCE,14,320.0,0.9865932277123717,0.007845395475386305,spce
464,MoSDeF,MD,gromacs,ethanolAA,8,320.0,0.7730844976878648,0.010695852432728277,oplsaa
465,MoSDeF,MD,hoomd,waterSPCE,10,280.0,1.006700073211874,0.00734882267094349,spce
466,MoSDeF,MD,hoomd,pentaneUA-flexible_bonds,14,372.0,0.517643319657729,0.013264078412682918,trappe-ua
467,MoSDeF,MC,cassandra,pentaneUA-constrain_bonds,1,372.0,0.5417817458666667,0.011665480053786897,trappe-ua
468,MoSDeF,MD,hoomd,waterSPCE,6,300.0,0.9978778463540398,0.007611498503110754,spce
469,MoSDeF,MC,mcccs,waterSPCE,0,320.0,0.9865931159557587,0.00847332201303405,spce
470,MoSDeF,MC,gomc,waterSPCE,1,280.0,1.00440263780375,0.005854712340717772,spce
471,MoSDeF,MD,lammps-VU,ethanolAA,6,320.0,0.7736745079590162,0.007766160074077604,oplsaa
472,MoSDeF,MC,mcccs,pentaneUA-constrain_bonds,11,372.0,0.5413429934669798,0.01201747426077007,trappe-ua
473,MoSDeF,MC,gomc,waterSPCE,3,320.0,0.9863158151060833,0.006373580517279445,spce
474,MoSDeF,MD,hoomd,pentaneUA-constrain_bonds,11,372.0,0.5417456008386246,0.011948925387702725,trappe-ua
475,MoSDeF,MC,gomc,ethanolAA,4,280.0,0.8131172900363333,0.006202875740661543,oplsaa
476,MoSDeF,MC,gomc,pentaneUA-constrain_bonds,4,372.0,0.540822581488,0.011007581687299556,trappe-ua
477,MoSDeF,MC,cassandra,waterSPCE,11,300.0,0.9980384401741667,0.008178656464696071,spce
478,MoSDeF,MC,cassandra,waterSPCE,5,280.0,1.0057556494466666,0.0066756881242458965,spce
479,MoSDeF,MD,hoomd,pentaneUA-constrain_bonds,0,372.0,0.5417257117696634,0.011974089905130561,trappe-ua
480,MoSDeF,MC,gomc,waterSPCE,8,280.0,1.0080874566033335,0.005806417653357263,spce
481,MoSDeF,MD,hoomd,waterSPCE,11,280.0,1.0065017062856718,0.007268520630339913,spce
482,MoSDeF,MD,hoomd,benzeneUA,3,450.0,0.699096307230062,0.013716421235100132,benzene-ua
483,MoSDeF,MC,cassandra,waterSPCE,6,300.0,0.9963120628700001,0.0066703674220633,spce
484,MoSDeF,MD,lammps-VU,pentaneUA-flexible_bonds,13,372.0,0.5421721344221538,0.011229022237668602,trappe-ua
485,MoSDeF,MD,hoomd,waterSPCE,3,320.0,0.9862477420291547,0.007830186116474017,spce
486,MoSDeF,MC,cassandra,pentaneUA-constrain_bonds,14,372.0,0.54068519484,0.01183676668958887,trappe-ua
487,MoSDeF,MD,hoomd,ethanolAA,14,300.0,0.793539039870397,0.007269710105236925,oplsaa
488,MoSDeF,MC,cassandra,ethanolAA,1,280.0,0.8137294027908335,0.006766289750982524,oplsaa
489,MoSDeF,MD,hoomd,ethanolAA,7,300.0,0.7935677030364024,0.00715719954690474,oplsaa
490,MoSDeF,MC,cassandra,ethanolAA,6,320.0,0.7682598441833334,0.00788560307327212,oplsaa
491,MoSDeF,MD,lammps-VU,waterSPCE,0,300.0,0.9979065578989935,0.007613486307397788,spce
492,MoSDeF,MD,hoomd,methaneUA,15,140.0,0.37588485235962454,0.004483149056515445,trappe-ua
493,MoSDeF,MC,gomc,pentaneUA-constrain_bonds,6,372.0,0.5410876865299167,0.011365444821594956,trappe-ua
494,MoSDeF,MC,mcccs,pentaneUA-constrain_bonds,7,372.0,0.5406500511929608,0.012451133201600269,trappe-ua
495,MoSDeF,MC,mcccs,waterSPCE,2,280.0,1.0087132192453627,0.007814093167708364,spce
496,MoSDeF,MD,gromacs,waterSPCE,2,300.0,0.9979492680809542,0.0076986519007265644,spce
497,MoSDeF,MD,hoomd,benzeneUA,0,450.0,0.6991725548841612,0.013676985232574358,benzene-ua
498,MoSDeF,MC,cassandra,ethanolAA,5,320.0,0.7689680700341668,0.007509032645562569,oplsaa
499,MoSDeF,MC,gomc,ethanolAA,13,280.0,0.8148950787372499,0.005874095277222907,oplsaa
500,MoSDeF,MC,cassandra,pentaneUA-constrain_bonds,12,372.0,0.5414428718175,0.011627161706343418,trappe-ua
501,MoSDeF,MC,mcccs,methaneUA,14,140.0,0.37586133988214726,0.004565370427525003,trappe-ua
502,MoSDeF,MD,hoomd,pentaneUA-flexible_bonds,12,372.0,0.5169320453860532,0.013315182592630318,trappe-ua
503,MoSDeF,MD,gromacs,pentaneUA-constrain_bonds,11,372.0,0.5418488764649414,0.01191802998371245,trappe-ua
504,MoSDeF,MC,mcccs,ethanolAA,2,300.0,0.7892824492147444,0.00734446335220672,oplsaa
505,MoSDeF,MD,lammps-VU,pentaneUA-flexible_bonds,10,372.0,0.541774104614414,0.011827670333680117,trappe-ua
506,MoSDeF,MD,lammps-VU,waterSPCE,3,280.0,1.0065518846132264,0.007427221853694398,spce
507,MoSDeF,MD,lammps-VU,ethanolAA,15,280.0,0.8157638782864578,0.006794059447769116,oplsaa
508,MoSDeF,MC,gomc,ethanolAA,1,280.0,0.8137888909240001,0.005939301091520963,oplsaa
509,MoSDeF,MC,cassandra,pentaneUA-constrain_bonds,6,372.0,0.54094052261,0.011963661067460225,trappe-ua
510,MoSDeF,MC,cassandra,waterSPCE,7,280.0,1.0053361989658334,0.007706795060988185,spce
511,MoSDeF,MC,cassandra,benzeneUA,6,450.0,0.69638637824,0.013897282448491356,benzene-ua
512,MoSDeF,MC,cassandra,ethanolAA,14,320.0,0.7697446257533334,0.007587007318216773,oplsaa
513,MoSDeF,MD,lammps-VU,waterSPCE,10,300.0,0.9981109888356446,0.007501794548673385,spce
514,MoSDeF,MC,mcccs,methaneUA,10,140.0,0.37558520826389763,0.004424034514207393,trappe-ua
515,MoSDeF,MD,gromacs,ethanolAA,5,280.0,0.8172047002586788,0.00917117749265396,oplsaa
516,MoSDeF,MD,lammps-VU,waterSPCE,6,280.0,1.0067979305299897,0.00713728707589034,spce
517,MoSDeF,MD,hoomd,ethanolAA,6,280.0,0.8146900025282292,0.006770198985553346,oplsaa
518,MoSDeF,MC,gomc,waterSPCE,14,300.0,0.9983467086335001,0.007663845040098623,spce
519,MoSDeF,MC,gomc,ethanolAA,0,280.0,0.8138962551109999,0.005852706991410084,oplsaa
520,MoSDeF,MC,cassandra,waterSPCE,13,320.0,0.9881813294641667,0.007049297476259379,spce
521,MoSDeF,MC,gomc,ethanolAA,3,300.0,0.7894161774217501,0.006843700787329744,oplsaa
522,MoSDeF,MD,lammps-VU,ethanolAA,5,280.0,0.8161647682397518,0.0066492244031176465,oplsaa
523,MoSDeF,MD,hoomd,waterSPCE,4,300.0,0.9977827049380087,0.007487579224760735,spce
524,MoSDeF,MC,mcccs,ethanolAA,1,320.0,0.7674056290020692,0.00838919773085683,oplsaa
525,MoSDeF,MD,lammps-VU,methaneUA,11,140.0,0.3760036661922612,0.004475226308502309,trappe-ua
526,MoSDeF,MC,cassandra,waterSPCE,0,320.0,0.9877909910333335,0.00844863003805165,spce
527,MoSDeF,MC,gomc,ethanolAA,10,300.0,0.7925371801350001,0.006651164661697733,oplsaa
528,MoSDeF,MC,gomc,waterSPCE,12,300.0,0.9989780557806667,0.0063270560531154645,spce
529,MoSDeF,MD,gromacs,waterSPCE,7,320.0,0.9864141253902539,0.0077033132076500714,spce
530,MoSDeF,MC,cassandra,waterSPCE,8,320.0,0.9864132917816666,0.0074960313856051375,spce
531,MoSDeF,MD,lammps-VU,methaneUA,7,140.0,0.37597527376521056,0.004461916499597645,trappe-ua
532,MoSDeF,MD,lammps-VU,ethanolAA,0,320.0,0.7738806910173084,0.007771868199318837,oplsaa
533,MoSDeF,MC,gomc,waterSPCE,6,280.0,1.0045740705189168,0.007208292750293378,spce
534,MoSDeF,MD,hoomd,waterSPCE,11,300.0,0.9977215745469009,0.007595821261247341,spce
535,MoSDeF,MD,lammps-VU,ethanolAA,2,300.0,0.7956497051143371,0.007289773621664735,oplsaa
536,MoSDeF,MC,gomc,ethanolAA,0,320.0,0.7653072037436667,0.0077133529297239885,oplsaa
537,MoSDeF,MC,mcccs,ethanolAA,8,320.0,0.7686513511110463,0.007634710212820103,oplsaa
538,MoSDeF,MC,cassandra,pentaneUA-constrain_bonds,2,372.0,0.541206320445,0.012200984600943314,trappe-ua
539,MoSDeF,MD,gromacs,waterSPCE,15,320.0,0.9863596837517262,0.008306315360513692,spce
540,MoSDeF,MD,hoomd,ethanolAA,6,300.0,0.79368071509131,0.007252264485107438,oplsaa
541,MoSDeF,MD,gromacs,waterSPCE,15,300.0,0.998112319491668,0.007794448499480715,spce
542,MoSDeF,MC,gomc,waterSPCE,2,280.0,1.0048504719137499,0.006379142389570026,spce
543,MoSDeF,MD,gromacs,benzeneUA,13,450.0,0.6931212179072974,0.0225731495571505,benzene-ua
544,MoSDeF,MD,gromacs,benzeneUA,7,450.0,0.7015870967652172,0.02002458830375835,benzene-ua
545,MoSDeF,MC,mcccs,benzeneUA,13,450.0,0.6982687054207886,0.013468658955658117,benzene-ua
546,MoSDeF,MC,cassandra,waterSPCE,6,280.0,1.0071053662366667,0.008095057780390614,spce
547,MoSDeF,MD,lammps-VU,waterSPCE,11,300.0,0.9980108652232855,0.007667338143326279,spce
548,MoSDeF,MC,mcccs,ethanolAA,14,300.0,0.7926817387146659,0.007515541678379312,oplsaa
549,MoSDeF,MC,mcccs,pentaneUA-constrain_bonds,15,372.0,0.5408595045012778,0.011838809623408095,trappe-ua
550,MoSDeF,MC,gomc,pentaneUA-constrain_bonds,8,372.0,0.54203998950525,0.011270313296658367,trappe-ua
551,MoSDeF,MD,gromacs,waterSPCE,1,300.0,0.9977388587101916,0.00766936372808895,spce
552,MoSDeF,MD,gromacs,ethanolAA,3,280.0,0.8167442520040914,0.009098317837491278,oplsaa
553,MoSDeF,MC,mcccs,ethanolAA,4,280.0,0.8131807988184974,0.006366408322666635,oplsaa
554,MoSDeF,MD,hoomd,methaneUA,3,140.0,0.3759700470497105,0.004504399394697688,trappe-ua
555,MoSDeF,MC,mcccs,methaneUA,12,140.0,0.3758343292793647,0.004503687889967739,trappe-ua
556,MoSDeF,MD,gromacs,waterSPCE,4,320.0,0.9864843127321802,0.00833300569120077,spce
557,MoSDeF,MC,cassandra,benzeneUA,8,450.0,0.6978220128733335,0.01372101748625962,benzene-ua
558,MoSDeF,MD,hoomd,pentaneUA-flexible_bonds,13,372.0,0.5171757088640072,0.013220679959929245,trappe-ua
559,MoSDeF,MD,lammps-VU,methaneUA,14,140.0,0.37597137398803343,0.004358732170633075,trappe-ua
560,MoSDeF,MC,mcccs,ethanolAA,13,280.0,0.8128156791289598,0.006770804456270945,oplsaa
561,MoSDeF,MD,hoomd,pentaneUA-constrain_bonds,9,372.0,0.5416673926429753,0.011925680785192815,trappe-ua
562,MoSDeF,MC,gomc,methaneUA,14,140.0,0.37571639066724993,0.0036905036458102377,trappe-ua
563,MoSDeF,MC,cassandra,benzeneUA,10,450.0,0.6977795420333333,0.013960907712679051,benzene-ua
564,MoSDeF,MC,mcccs,waterSPCE,14,280.0,1.0033049831628023,0.00689190641510894,spce
565,MoSDeF,MD,gromacs,benzeneUA,5,450.0,0.7048990589577396,0.02035025779288164,benzene-ua
566,MoSDeF,MD,gromacs,ethanolAA,11,280.0,0.8167962468053265,0.008795738814918972,oplsaa
567,MoSDeF,MC,mcccs,waterSPCE,12,320.0,0.9858101291498741,0.008348180370178758,spce
568,MoSDeF,MD,gromacs,waterSPCE,6,300.0,0.9978468695665164,0.007594322422068086,spce
569,MoSDeF,MC,cassandra,methaneUA,13,140.0,0.3756801445291667,0.0045048049942190685,trappe-ua
570,MoSDeF,MD,hoomd,ethanolAA,11,280.0,0.8143850702841933,0.006717967208561528,oplsaa
571,MoSDeF,MD,lammps-VU,ethanolAA,7,300.0,0.7952722907022564,0.007292024354956185,oplsaa
572,MoSDeF,MD,gromacs,pentaneUA-constrain_bonds,15,372.0,0.54186829335793,0.012072528137763749,trappe-ua
573,MoSDeF,MD,lammps-VU,ethanolAA,4,300.0,0.7953847007740429,0.0071642423828017845,oplsaa
574,MoSDeF,MC,gomc,waterSPCE,3,280.0,1.00774040665375,0.006539964663786401,spce
575,MoSDeF,MD,hoomd,waterSPCE,10,320.0,0.9863216409440921,0.007829241329386219,spce
576,MoSDeF,MD,gromacs,ethanolAA,2,280.0,0.8167747643708563,0.00854818176057254,oplsaa
577,MoSDeF,MD,lammps-VU,methaneUA,12,140.0,0.3759112770079068,0.004517169431677692,trappe-ua
578,MoSDeF,MD,lammps-VU,benzeneUA,13,450.0,0.6979134989238341,0.014156085404066593,benzene-ua
579,MoSDeF,MD,gromacs,ethanolAA,1,320.0,0.7736300684809327,0.010496366180641868,oplsaa
580,MoSDeF,MC,cassandra,waterSPCE,10,300.0,0.9963947751258332,0.007290564377803033,spce
581,MoSDeF,MC,mcccs,waterSPCE,5,320.0,0.9848875856682837,0.008567925377341508,spce
582,MoSDeF,MD,lammps-VU,ethanolAA,13,320.0,0.7740545271432797,0.00778883305875588,oplsaa
583,MoSDeF,MC,mcccs,ethanolAA,6,280.0,0.8125909648107575,0.006879388607432544,oplsaa
584,MoSDeF,MC,cassandra,ethanolAA,7,320.0,0.7685517339091668,0.007701704317743874,oplsaa
585,MoSDeF,MD,gromacs,methaneUA,9,140.0,0.3758797115943023,0.004319981178785969,trappe-ua
586,MoSDeF,MD,lammps-VU,ethanolAA,15,320.0,0.7742712937843161,0.007689233969998731,oplsaa
587,MoSDeF,MC,cassandra,methaneUA,1,140.0,0.37585042470999996,0.0045381914353834815,trappe-ua
588,MoSDeF,MD,gromacs,ethanolAA,4,300.0,0.7958833432532244,0.009810331126708302,oplsaa
589,MoSDeF,MC,cassandra,waterSPCE,9,300.0,1.0014169668275,0.00751946918939084,spce
590,MoSDeF,MC,mcccs,ethanolAA,5,280.0,0.8110000930834091,0.007174306733489894,oplsaa
591,MoSDeF,MC,gomc,waterSPCE,11,300.0,1.0000846780521666,0.006373067888040589,spce
592,MoSDeF,MC,cassandra,methaneUA,11,140.0,0.3756139065058333,0.004482385297523664,trappe-ua
593,MoSDeF,MD,hoomd,ethanolAA,12,280.0,0.8145295835841119,0.006726035979386308,oplsaa
594,MoSDeF,MC,mcccs,waterSPCE,4,280.0,1.007834709613057,0.008161450494222443,spce
595,MoSDeF,MC,mcccs,ethanolAA,6,300.0,0.7906217843830503,0.0070938681969268235,oplsaa
596,MoSDeF,MD,lammps-VU,methaneUA,9,140.0,0.37598386407304635,0.004484321884175144,trappe-ua
597,MoSDeF,MD,gromacs,methaneUA,6,140.0,0.3759587275599079,0.0041865459241068785,trappe-ua
598,MoSDeF,MD,lammps-VU,ethanolAA,8,320.0,0.7734067502855804,0.007927431756842088,oplsaa
599,MoSDeF,MD,hoomd,waterSPCE,12,320.0,0.9861615662847132,0.00785762050377449,spce
600,MoSDeF,MC,cassandra,methaneUA,6,140.0,0.37570472396,0.004534476631039914,trappe-ua
601,MoSDeF,MC,gomc,pentaneUA-constrain_bonds,7,372.0,0.54136970455525,0.01183206654864145,trappe-ua
602,MoSDeF,MD,hoomd,pentaneUA-constrain_bonds,8,372.0,0.5413889222683395,0.011997682375852298,trappe-ua
603,MoSDeF,MC,gomc,ethanolAA,7,300.0,0.7916537940579168,0.006858733843746477,oplsaa
604,MoSDeF,MD,hoomd,methaneUA,13,140.0,0.3759666489778849,0.004489145132329171,trappe-ua
605,MoSDeF,MC,cassandra,methaneUA,9,140.0,0.3755330090591667,0.0044943725866549225,trappe-ua
606,MoSDeF,MD,gromacs,pentaneUA-constrain_bonds,12,372.0,0.5419809715486102,0.011695001123127498,trappe-ua
607,MoSDeF,MC,gomc,waterSPCE,9,280.0,1.0086945271040832,0.006040646196191828,spce
608,MoSDeF,MC,cassandra,ethanolAA,14,300.0,0.7911542848533333,0.0069321985344406286,oplsaa
609,MoSDeF,MD,hoomd,waterSPCE,8,300.0,0.9978204715864707,0.007636944815711124,spce
610,MoSDeF,MD,hoomd,waterSPCE,6,280.0,1.006507100423045,0.007279781655971702,spce
611,MoSDeF,MC,mcccs,ethanolAA,0,280.0,0.813055924241972,0.006527038347914959,oplsaa
612,MoSDeF,MD,gromacs,pentaneUA-flexible_bonds,11,372.0,0.5341619134730183,0.021281886587780185,trappe-ua
613,MoSDeF,MC,cassandra,ethanolAA,0,320.0,0.7684447531808334,0.007520222773231653,oplsaa
614,MoSDeF,MC,mcccs,methaneUA,6,140.0,0.3760308378729022,0.004411409360282824,trappe-ua
615,MoSDeF,MC,cassandra,ethanolAA,7,300.0,0.7920408581316666,0.00735161969895814,oplsaa
616,MoSDeF,MC,cassandra,waterSPCE,14,320.0,0.9867729618716666,0.007813550685060172,spce
617,MoSDeF,MD,gromacs,waterSPCE,14,320.0,0.9863140659099625,0.007624151109437128,spce
618,MoSDeF,MC,gomc,methaneUA,0,140.0,0.37572815823016664,0.003989230012735338,trappe-ua
619,MoSDeF,MC,cassandra,ethanolAA,3,280.0,0.8134731540058334,0.006635803215414433,oplsaa
620,MoSDeF,MD,lammps-VU,waterSPCE,7,300.0,0.9978290306806846,0.007501367453894559,spce
621,MoSDeF,MC,mcccs,ethanolAA,12,300.0,0.7926540285694067,0.007176931274956449,oplsaa
622,MoSDeF,MC,gomc,methaneUA,6,140.0,0.37600354369074995,0.0037539277460459765,trappe-ua
623,MoSDeF,MC,cassandra,benzeneUA,12,450.0,0.6974881800866667,0.013715946430707138,benzene-ua
624,MoSDeF,MD,hoomd,ethanolAA,5,320.0,0.7722766200292688,0.007824152057677105,oplsaa
625,MoSDeF,MD,lammps-VU,waterSPCE,12,320.0,0.9863308479985909,0.007913147993188938,spce
626,MoSDeF,MD,lammps-VU,benzeneUA,5,450.0,0.697946706182614,0.014282695339086004,benzene-ua
627,MoSDeF,MD,gromacs,benzeneUA,4,450.0,0.6944461359803235,0.020603829653602773,benzene-ua
628,MoSDeF,MD,hoomd,ethanolAA,14,280.0,0.8145293760651031,0.0066512960207032335,oplsaa
629,MoSDeF,MD,gromacs,ethanolAA,12,280.0,0.8168121635438538,0.008869558316663868,oplsaa
630,MoSDeF,MD,lammps-VU,waterSPCE,9,300.0,0.9977837334222268,0.007658067845955505,spce
631,MoSDeF,MD,gromacs,waterSPCE,13,320.0,0.9862307232279128,0.007979598219354352,spce
632,MoSDeF,MD,gromacs,ethanolAA,9,320.0,0.7735779501936526,0.010587563422815414,oplsaa
633,MoSDeF,MD,lammps-VU,waterSPCE,8,280.0,1.0070351883019488,0.007283234990398731,spce
634,MoSDeF,MD,lammps-VU,waterSPCE,14,280.0,1.0069817192013102,0.00718814781464797,spce
635,MoSDeF,MC,cassandra,ethanolAA,10,320.0,0.7686292744308333,0.007771543833596907,oplsaa
636,MoSDeF,MC,gomc,waterSPCE,5,300.0,0.9976592428511667,0.006882930821462541,spce
637,MoSDeF,MC,gomc,ethanolAA,7,280.0,0.8119509288002499,0.005687026918366588,oplsaa
638,MoSDeF,MC,gomc,methaneUA,3,140.0,0.37580982074175,0.003804269986895914,trappe-ua
639,MoSDeF,MD,hoomd,ethanolAA,11,300.0,0.7937866331132427,0.007232241951932954,oplsaa
640,MoSDeF,MC,cassandra,waterSPCE,8,300.0,0.9978957926466666,0.007246307426147069,spce
641,MoSDeF,MC,gomc,ethanolAA,4,320.0,0.7680317650779167,0.007711332433525779,oplsaa
642,MoSDeF,MD,lammps-VU,ethanolAA,8,280.0,0.8160081666184462,0.006656026968059791,oplsaa
643,MoSDeF,MD,hoomd,pentaneUA-constrain_bonds,1,372.0,0.5416041449189878,0.012041752797959103,trappe-ua
644,MoSDeF,MC,mcccs,waterSPCE,12,280.0,1.0074477867005829,0.007468702307399514,spce
645,MoSDeF,MC,mcccs,methaneUA,8,140.0,0.37581671594706884,0.004563600525526552,trappe-ua
646,MoSDeF,MD,hoomd,ethanolAA,10,280.0,0.8143837186087235,0.006675772728597302,oplsaa
647,MoSDeF,MC,mcccs,pentaneUA-constrain_bonds,10,372.0,0.5413554436067952,0.01223178337821508,trappe-ua
648,MoSDeF,MD,lammps-VU,methaneUA,4,140.0,0.37598679663963597,0.004447984837075612,trappe-ua
649,MoSDeF,MC,mcccs,ethanolAA,1,300.0,0.7906687852908886,0.007718160869565024,oplsaa
650,MoSDeF,MC,gomc,ethanolAA,2,280.0,0.8113634787835833,0.006457977435084869,oplsaa
651,MoSDeF,MC,gomc,waterSPCE,3,300.0,0.9962973543078333,0.0074118286649472445,spce
652,MoSDeF,MD,lammps-VU,methaneUA,2,140.0,0.37598668330110036,0.004340360895676662,trappe-ua
653,MoSDeF,MD,lammps-VU,ethanolAA,13,300.0,0.7955747721699822,0.007195531245806101,oplsaa
654,MoSDeF,MD,hoomd,pentaneUA-constrain_bonds,5,372.0,0.5416020418523796,0.0118945713565856,trappe-ua
655,MoSDeF,MC,cassandra,waterSPCE,12,300.0,0.9981109279641666,0.006896965498224974,spce
656,MoSDeF,MC,cassandra,waterSPCE,4,320.0,0.9856235029125,0.008520453418962069,spce
657,MoSDeF,MC,cassandra,pentaneUA-constrain_bonds,13,372.0,0.5401617952675001,0.012080325756817207,trappe-ua
658,MoSDeF,MC,cassandra,benzeneUA,15,450.0,0.6991447879249999,0.01416678102215295,benzene-ua
659,MoSDeF,MD,gromacs,ethanolAA,0,280.0,0.8166558712671529,0.008906480803164116,oplsaa
660,MoSDeF,MC,gomc,methaneUA,2,140.0,0.37578525619558334,0.0037873761856411147,trappe-ua
661,MoSDeF,MC,gomc,ethanolAA,1,300.0,0.7923304148813334,0.00666825707791062,oplsaa
662,MoSDeF,MD,lammps-VU,waterSPCE,14,300.0,0.9980119398274051,0.007464622754187162,spce
663,MoSDeF,MD,lammps-VU,waterSPCE,13,320.0,0.9864791348440419,0.007842737792667344,spce
664,MoSDeF,MD,hoomd,benzeneUA,4,450.0,0.6991447674384628,0.013605386197136748,benzene-ua
665,MoSDeF,MD,hoomd,waterSPCE,2,300.0,0.9978150811787998,0.007560340508508548,spce
666,MoSDeF,MD,lammps-VU,methaneUA,8,140.0,0.37594819987191624,0.004581903150777032,trappe-ua
667,MoSDeF,MD,gromacs,waterSPCE,3,280.0,1.0066727626764687,0.00747689337369163,spce
668,MoSDeF,MC,gomc,ethanolAA,14,320.0,0.7678897578542501,0.00744891875457162,oplsaa
669,MoSDeF,MD,lammps-VU,waterSPCE,11,320.0,0.9861635502566243,0.008072274843890578,spce
670,MoSDeF,MD,gromacs,benzeneUA,8,450.0,0.7088503153861415,0.018979221507790762,benzene-ua
671,MoSDeF,MD,gromacs,pentaneUA-constrain_bonds,1,372.0,0.541784677622581,0.01202760036828486,trappe-ua
672,MoSDeF,MD,hoomd,ethanolAA,3,300.0,0.793509126792412,0.00721436697620631,oplsaa
673,MoSDeF,MD,gromacs,methaneUA,2,140.0,0.3758922413942505,0.0048701920930879885,trappe-ua
674,MoSDeF,MD,hoomd,ethanolAA,2,280.0,0.8145031323228052,0.006725688854285593,oplsaa
675,MoSDeF,MC,mcccs,benzeneUA,9,450.0,0.6982764972049247,0.013988537029547566,benzene-ua
676,MoSDeF,MC,mcccs,waterSPCE,7,280.0,1.0077014706361824,0.005986734843008502,spce
677,MoSDeF,MC,mcccs,pentaneUA-constrain_bonds,0,372.0,0.5406758590222753,0.012212625946259287,trappe-ua
678,MoSDeF,MD,hoomd,waterSPCE,15,300.0,0.9977922551062925,0.007547082010395627,spce
679,MoSDeF,MD,gromacs,methaneUA,13,140.0,0.37590675559956366,0.0043075581617308435,trappe-ua
680,MoSDeF,MD,gromacs,waterSPCE,4,300.0,0.9977120068295912,0.007731741963963409,spce
681,MoSDeF,MD,gromacs,ethanolAA,7,320.0,0.7734634835484075,0.01025386544284534,oplsaa
682,MoSDeF,MD,lammps-VU,ethanolAA,4,320.0,0.7739698937813756,0.007675662063413411,oplsaa
683,MoSDeF,MC,gomc,ethanolAA,13,300.0,0.7926841606760833,0.0068209388038109,oplsaa
684,MoSDeF,MD,hoomd,ethanolAA,8,280.0,0.8145977624368678,0.006696865916335596,oplsaa
685,MoSDeF,MC,gomc,methaneUA,10,140.0,0.37563769131708336,0.003802170838079311,trappe-ua
686,MoSDeF,MD,hoomd,waterSPCE,8,280.0,1.006586065403208,0.0073866080785650705,spce
687,MoSDeF,MD,hoomd,ethanolAA,14,320.0,0.7721861651430819,0.007815921234174692,oplsaa
688,MoSDeF,MD,gromacs,ethanolAA,13,320.0,0.7742890080919363,0.01045779105914506,oplsaa
689,MoSDeF,MD,lammps-VU,ethanolAA,13,280.0,0.8166132397964951,0.006648032508297756,oplsaa
690,MoSDeF,MC,gomc,benzeneUA,4,450.0,0.6970589963865832,0.012798142644230064,benzene-ua
691,MoSDeF,MD,hoomd,waterSPCE,15,320.0,0.9862230351218432,0.007873234519559657,spce
692,MoSDeF,MD,gromacs,benzeneUA,0,450.0,0.6926677602467788,0.02061546719043926,benzene-ua
693,MoSDeF,MD,hoomd,waterSPCE,13,300.0,0.9977424210921918,0.007626098868721974,spce
694,MoSDeF,MD,hoomd,ethanolAA,10,300.0,0.7937787843551453,0.007247981241773637,oplsaa
695,MoSDeF,MD,lammps-VU,waterSPCE,2,300.0,0.9978844271540991,0.007563192211499348,spce
696,MoSDeF,MC,mcccs,waterSPCE,3,320.0,0.9855645077757333,0.006839777672813773,spce
697,MoSDeF,MC,cassandra,pentaneUA-constrain_bonds,8,372.0,0.5415899699541666,0.012273046804568049,trappe-ua
698,MoSDeF,MD,hoomd,waterSPCE,6,320.0,0.9861943701149131,0.007867133963074384,spce
699,MoSDeF,MD,lammps-VU,pentaneUA-flexible_bonds,2,372.0,0.5422763275905882,0.011910879236604692,trappe-ua
700,MoSDeF,MD,lammps-VU,pentaneUA-flexible_bonds,4,372.0,0.54318899454467,0.012107426022677056,trappe-ua
701,MoSDeF,MC,cassandra,waterSPCE,12,280.0,1.0094140222108334,0.0071554147502430636,spce
702,MoSDeF,MD,gromacs,pentaneUA-flexible_bonds,0,372.0,0.5348019108580627,0.01923531632165254,trappe-ua
703,MoSDeF,MD,lammps-VU,ethanolAA,1,320.0,0.773867355308634,0.007777035373512819,oplsaa
704,MoSDeF,MD,hoomd,waterSPCE,14,320.0,0.9861234125986766,0.007883619744003251,spce
705,MoSDeF,MD,gromacs,benzeneUA,11,450.0,0.693777154395781,0.0236361180923503,benzene-ua
706,MoSDeF,MC,gomc,ethanolAA,14,300.0,0.7885900781909168,0.006399015090256513,oplsaa
707,MoSDeF,MD,gromacs,waterSPCE,0,300.0,0.9978161716289554,0.007736913446150514,spce
708,MoSDeF,MC,cassandra,ethanolAA,2,320.0,0.76790780176,0.008257046237406774,oplsaa
709,MoSDeF,MC,mcccs,waterSPCE,4,320.0,0.9856186897775745,0.0071818867135451875,spce
710,MoSDeF,MC,gomc,waterSPCE,13,320.0,0.9852482428944168,0.007292960621740566,spce
711,MoSDeF,MD,lammps-VU,waterSPCE,15,300.0,0.9980571027161619,0.007604190648359143,spce
712,MoSDeF,MC,cassandra,pentaneUA-constrain_bonds,10,372.0,0.5415000918400001,0.011780081579618153,trappe-ua
713,MoSDeF,MC,gomc,waterSPCE,1,300.0,0.9973694745866666,0.0062400857685199805,spce
714,MoSDeF,MC,mcccs,waterSPCE,8,280.0,1.0073297248805362,0.006934705696388454,spce
715,MoSDeF,MC,mcccs,ethanolAA,10,320.0,0.767194057628432,0.008197095811679211,oplsaa
716,MoSDeF,MC,cassandra,waterSPCE,1,280.0,1.0072099045499998,0.005917055387798704,spce
717,MoSDeF,MD,gromacs,ethanolAA,13,280.0,0.8170268562254347,0.009361059934371961,oplsaa
718,MoSDeF,MD,gromacs,ethanolAA,10,300.0,0.7953029263410013,0.009623829549725885,oplsaa
719,MoSDeF,MC,gomc,benzeneUA,7,450.0,0.6985329163153334,0.012625332285710483,benzene-ua
720,MoSDeF,MD,gromacs,benzeneUA,1,450.0,0.6975081773562279,0.01861188516290879,benzene-ua
721,MoSDeF,MC,cassandra,waterSPCE,0,280.0,1.0070097578316666,0.0076669211207402825,spce
722,MoSDeF,MC,mcccs,waterSPCE,13,320.0,0.9844329946724907,0.007339319098459693,spce
723,MoSDeF,MC,gomc,pentaneUA-constrain_bonds,15,372.0,0.5415194005778334,0.01177575291530239,trappe-ua
724,MoSDeF,MC,mcccs,waterSPCE,12,300.0,0.9984958758391479,0.007346496333456146,spce
725,MoSDeF,MD,gromacs,waterSPCE,9,280.0,1.006544500950884,0.007347738436098709,spce
726,MoSDeF,MD,hoomd,waterSPCE,5,300.0,0.997789327162653,0.007605083198216618,spce
727,MoSDeF,MC,gomc,waterSPCE,9,300.0,0.996801296322,0.005887818217086997,spce
728,MoSDeF,MC,cassandra,methaneUA,8,140.0,0.37551142773999996,0.004459083567311608,trappe-ua
729,MoSDeF,MD,gromacs,waterSPCE,7,300.0,0.9978560228139918,0.007421100358116787,spce
730,MoSDeF,MD,lammps-VU,waterSPCE,9,320.0,0.9866217805018614,0.007848679723375477,spce
731,MoSDeF,MC,mcccs,waterSPCE,11,280.0,1.0059993945183128,0.007792070277344284,spce
732,MoSDeF,MC,gomc,waterSPCE,4,280.0,1.00558388197775,0.0065941968868314825,spce
733,MoSDeF,MD,hoomd,waterSPCE,1,280.0,1.0065490837577904,0.0072894187888082424,spce
734,MoSDeF,MC,cassandra,ethanolAA,3,300.0,0.7910139674366666,0.007165671994144134,oplsaa
735,MoSDeF,MC,mcccs,benzeneUA,5,450.0,0.6981749889541382,0.013574206195639486,benzene-ua
736,MoSDeF,MD,hoomd,waterSPCE,9,320.0,0.9861756188837814,0.007845562940037043,spce
737,MoSDeF,MD,gromacs,benzeneUA,6,450.0,0.695797547839065,0.02194093289769563,benzene-ua
738,MoSDeF,MD,gromacs,waterSPCE,5,280.0,1.0067789177516058,0.007342047299602046,spce
739,MoSDeF,MD,gromacs,methaneUA,12,140.0,0.375886874901631,0.00459405440287891,trappe-ua
740,MoSDeF,MC,cassandra,ethanolAA,4,280.0,0.8117539980091666,0.006135062171159806,oplsaa
741,MoSDeF,MC,cassandra,waterSPCE,6,320.0,0.9858474680508332,0.008305189246802503,spce
742,MoSDeF,MD,lammps-VU,methaneUA,10,140.0,0.375895831970561,0.004511896324187126,trappe-ua
743,MoSDeF,MC,gomc,ethanolAA,7,320.0,0.769351109918,0.007841100116640238,oplsaa
744,MoSDeF,MC,mcccs,ethanolAA,7,320.0,0.7685095686510567,0.007767350086559681,oplsaa
745,MoSDeF,MD,gromacs,waterSPCE,5,320.0,0.9864435716494396,0.007986634954517425,spce
746,MoSDeF,MD,lammps-VU,ethanolAA,9,280.0,0.8161759539875897,0.0065697966641465625,oplsaa
747,MoSDeF,MD,hoomd,benzeneUA,8,450.0,0.6992085370445553,0.013660006755671705,benzene-ua
748,MoSDeF,MC,gomc,waterSPCE,10,320.0,0.9858812338739167,0.00768856283695592,spce
749,MoSDeF,MC,gomc,ethanolAA,12,280.0,0.8148081020029168,0.005846557819083378,oplsaa
750,MoSDeF,MD,hoomd,methaneUA,0,140.0,0.37594249832391213,0.004481380922501332,trappe-ua
751,MoSDeF,MC,mcccs,ethanolAA,9,280.0,0.8141789665630916,0.006564119216469355,oplsaa
752,MoSDeF,MD,hoomd,waterSPCE,9,300.0,0.9976502457246663,0.007540839914041845,spce
753,MoSDeF,MD,hoomd,waterSPCE,13,320.0,0.9862018144955901,0.007945125130006706,spce
754,MoSDeF,MC,gomc,ethanolAA,10,280.0,0.8137685589880833,0.006057209705485861,oplsaa
755,MoSDeF,MC,gomc,benzeneUA,9,450.0,0.6999297281830833,0.012994506853120504,benzene-ua
756,MoSDeF,MD,gromacs,ethanolAA,11,300.0,0.7961292931843319,0.01025113076188529,oplsaa
757,MoSDeF,MC,gomc,ethanolAA,8,280.0,0.813550890707,0.0060891946582719535,oplsaa
758,MoSDeF,MD,hoomd,waterSPCE,3,280.0,1.0067054831516549,0.007328557236349672,spce
759,MoSDeF,MD,lammps-VU,ethanolAA,1,280.0,0.8160589277069523,0.006496968277913754,oplsaa
760,MoSDeF,MD,gromacs,ethanolAA,14,300.0,0.7960023135387571,0.009004083514872798,oplsaa
761,MoSDeF,MC,gomc,waterSPCE,2,320.0,0.9867161100851666,0.0075146082092901745,spce
762,MoSDeF,MD,lammps-VU,ethanolAA,1,300.0,0.7955539406743581,0.007090918125889637,oplsaa
763,MoSDeF,MD,lammps-VU,ethanolAA,2,320.0,0.7741132665467694,0.007563069947454643,oplsaa
764,MoSDeF,MC,gomc,waterSPCE,7,300.0,0.9966529398876668,0.007384250450179614,spce
765,MoSDeF,MC,gomc,ethanolAA,9,300.0,0.7916185291308334,0.007320356368805502,oplsaa
766,MoSDeF,MD,hoomd,pentaneUA-flexible_bonds,6,372.0,0.5170514514616653,0.013171390650276466,trappe-ua
767,MoSDeF,MC,cassandra,waterSPCE,14,300.0,0.9965981137516666,0.006394929172423464,spce
768,MoSDeF,MC,gomc,waterSPCE,4,320.0,0.9843703881493334,0.0070652185348718515,spce
769,MoSDeF,MD,hoomd,methaneUA,12,140.0,0.3759220441869231,0.004477553837848038,trappe-ua
770,MoSDeF,MC,gomc,methaneUA,9,140.0,0.37576956862516664,0.003852461611911728,trappe-ua
771,MoSDeF,MC,gomc,ethanolAA,9,280.0,0.8132225294698334,0.006702515756113144,oplsaa
772,MoSDeF,MD,hoomd,waterSPCE,3,300.0,0.9977437374456697,0.007555677313978713,spce
773,MoSDeF,MC,cassandra,methaneUA,3,140.0,0.375807932625,0.004528692433260066,trappe-ua
774,MoSDeF,MC,cassandra,ethanolAA,5,280.0,0.8121649807775001,0.0067639058788048385,oplsaa
775,MoSDeF,MD,gromacs,waterSPCE,14,280.0,1.0066263645952451,0.007488267731923331,spce
776,MoSDeF,MD,gromacs,ethanolAA,14,280.0,0.8169514822133228,0.008718262437469239,oplsaa
777,MoSDeF,MD,gromacs,ethanolAA,15,280.0,0.8165928589794736,0.009239204481102768,oplsaa
778,MoSDeF,MD,hoomd,benzeneUA,11,450.0,0.6990600441018724,0.01373916603375343,benzene-ua
779,MoSDeF,MD,hoomd,benzeneUA,10,450.0,0.6991893758220986,0.013670603722886823,benzene-ua
780,MoSDeF,MD,lammps-VU,waterSPCE,11,280.0,1.0069371627961803,0.0072135075656944115,spce
781,MoSDeF,MD,lammps-VU,pentaneUA-flexible_bonds,8,372.0,0.5429551096974192,0.011843647691653929,trappe-ua
782,MoSDeF,MD,gromacs,pentaneUA-flexible_bonds,1,372.0,0.5341478920707557,0.020660685023380313,trappe-ua
783,MoSDeF,MC,gomc,ethanolAA,11,300.0,0.7911897589405835,0.006506431830786075,oplsaa
784,MoSDeF,MD,gromacs,ethanolAA,15,320.0,0.7737462969320198,0.010887656501017345,oplsaa
785,MoSDeF,MD,hoomd,pentaneUA-constrain_bonds,6,372.0,0.5418376594193276,0.0120137179062064,trappe-ua
786,MoSDeF,MC,mcccs,waterSPCE,2,300.0,0.9990597116014438,0.007670909040707533,spce
787,MoSDeF,MD,hoomd,ethanolAA,9,300.0,0.7939024870809275,0.007258750367506449,oplsaa
788,MoSDeF,MC,mcccs,ethanolAA,15,280.0,0.8122604985425029,0.00686038056046778,oplsaa
789,MoSDeF,MC,cassandra,waterSPCE,1,300.0,0.99717434876,0.007304709305721152,spce
790,MoSDeF,MD,lammps-VU,waterSPCE,6,320.0,0.986330700493557,0.007837108859002032,spce
791,MoSDeF,MC,cassandra,methaneUA,14,140.0,0.3756717497783334,0.004494563669258968,trappe-ua
792,MoSDeF,MD,hoomd,benzeneUA,1,450.0,0.6991178703937149,0.013611233003974267,benzene-ua
793,MoSDeF,MC,cassandra,waterSPCE,9,320.0,0.9862917892525,0.006897005571938657,spce
794,MoSDeF,MC,gomc,ethanolAA,9,320.0,0.7691121051884167,0.008052177694174262,oplsaa
795,MoSDeF,MC,gomc,waterSPCE,5,280.0,1.0054346607283333,0.00592660407841503,spce
796,MoSDeF,MD,lammps-VU,benzeneUA,4,450.0,0.697659317663006,0.014422093399975917,benzene-ua
797,MoSDeF,MC,mcccs,ethanolAA,7,300.0,0.791412303601188,0.007567912207709659,oplsaa
798,MoSDeF,MC,mcccs,benzeneUA,10,450.0,0.6985820812301342,0.013499777140983573,benzene-ua
799,MoSDeF,MD,hoomd,benzeneUA,15,450.0,0.699399767873842,0.013714605380991278,benzene-ua
800,MoSDeF,MD,lammps-VU,pentaneUA-flexible_bonds,7,372.0,0.5445689779834344,0.0114602809042857,trappe-ua
801,MoSDeF,MD,lammps-VU,benzeneUA,14,450.0,0.6977614731802356,0.014460252523851835,benzene-ua
802,MoSDeF,MC,gomc,waterSPCE,2,300.0,0.9982857438539168,0.007460451923745858,spce
803,MoSDeF,MD,gromacs,ethanolAA,1,300.0,0.7954523635067908,0.009790378963974755,oplsaa
804,MoSDeF,MC,cassandra,waterSPCE,5,300.0,0.9953463570116666,0.007538525073838185,spce
805,MoSDeF,MC,gomc,waterSPCE,15,320.0,0.9865414279020833,0.0067053114847073604,spce
806,MoSDeF,MC,gomc,benzeneUA,11,450.0,0.6995245285964167,0.012431142569102495,benzene-ua
807,MoSDeF,MC,cassandra,ethanolAA,6,280.0,0.81382947635,0.006508639167306392,oplsaa
808,MoSDeF,MD,gromacs,ethanolAA,6,300.0,0.7952132566284594,0.009325564938000595,oplsaa
809,MoSDeF,MC,cassandra,ethanolAA,2,300.0,0.7914398209433333,0.007716457134299562,oplsaa
810,MoSDeF,MC,mcccs,pentaneUA-constrain_bonds,13,372.0,0.541111639269674,0.0118577246291452,trappe-ua
811,MoSDeF,MD,gromacs,ethanolAA,4,280.0,0.8167919243055686,0.00940123450394322,oplsaa
812,MoSDeF,MD,gromacs,waterSPCE,10,300.0,0.9979860201543674,0.007607787637148917,spce
813,MoSDeF,MD,lammps-VU,ethanolAA,14,320.0,0.7739853959835723,0.007869341848626228,oplsaa
814,MoSDeF,MD,gromacs,ethanolAA,3,300.0,0.796561832286863,0.009303419906108853,oplsaa
815,MoSDeF,MD,hoomd,ethanolAA,10,320.0,0.7722086098103353,0.007721530937647046,oplsaa
816,MoSDeF,MC,gomc,benzeneUA,6,450.0,0.6982251095490835,0.013419449869502543,benzene-ua
817,MoSDeF,MD,lammps-VU,waterSPCE,1,280.0,1.006490025313538,0.007340665985738425,spce
818,MoSDeF,MD,gromacs,ethanolAA,6,280.0,0.8170146326813739,0.00899686474886369,oplsaa
819,MoSDeF,MC,mcccs,ethanolAA,0,320.0,0.7690250554904373,0.007782685852223574,oplsaa
820,MoSDeF,MD,lammps-VU,waterSPCE,13,280.0,1.0067095738153624,0.007257245183254015,spce
821,MoSDeF,MD,gromacs,ethanolAA,11,320.0,0.7742698699884046,0.01111000005700617,oplsaa
822,MoSDeF,MC,mcccs,methaneUA,2,140.0,0.3757274821665425,0.004535380424316757,trappe-ua
823,MoSDeF,MD,lammps-VU,pentaneUA-flexible_bonds,11,372.0,0.5435861711835711,0.011144124011322951,trappe-ua
824,MoSDeF,MD,gromacs,pentaneUA-constrain_bonds,9,372.0,0.5418054866199612,0.012218606738411214,trappe-ua
825,MoSDeF,MC,cassandra,ethanolAA,6,300.0,0.7908822133783333,0.006944736692032393,oplsaa
826,MoSDeF,MC,gomc,waterSPCE,13,280.0,1.0051595263305002,0.007937236524561242,spce
827,MoSDeF,MC,gomc,waterSPCE,11,280.0,1.0092366902361667,0.0059821693339777255,spce
828,MoSDeF,MD,hoomd,ethanolAA,6,320.0,0.7720542433160584,0.007733954397206906,oplsaa
829,MoSDeF,MD,lammps-VU,waterSPCE,10,320.0,0.9863160802145043,0.007914331816210414,spce
830,MoSDeF,MC,mcccs,waterSPCE,0,300.0,0.9956880223874256,0.007462168966343939,spce
831,MoSDeF,MC,cassandra,benzeneUA,7,450.0,0.6981907664716667,0.013329377688751238,benzene-ua
832,MoSDeF,MC,gomc,benzeneUA,12,450.0,0.6985897688020833,0.013295076492532119,benzene-ua
833,MoSDeF,MD,hoomd,waterSPCE,2,320.0,0.9860744672952254,0.007845219502170667,spce
834,MoSDeF,MC,cassandra,ethanolAA,12,280.0,0.8129988369416666,0.006748982589144215,oplsaa
835,MoSDeF,MC,gomc,ethanolAA,15,300.0,0.7913930774203333,0.00677966932008703,oplsaa
836,MoSDeF,MD,gromacs,waterSPCE,13,300.0,0.9978154818377145,0.007576817367548221,spce
837,MoSDeF,MD,gromacs,ethanolAA,8,280.0,0.8166736809620497,0.008785691975879775,oplsaa
838,MoSDeF,MC,mcccs,waterSPCE,10,280.0,1.006509081629546,0.006536959830145688,spce
839,MoSDeF,MC,mcccs,waterSPCE,8,320.0,0.9873552121552067,0.007031053709270074,spce
840,MoSDeF,MD,hoomd,ethanolAA,7,320.0,0.7721452531467845,0.0077810933991808,oplsaa
841,MoSDeF,MD,hoomd,methaneUA,5,140.0,0.3759638402609715,0.004498309994703731,trappe-ua
842,MoSDeF,MC,cassandra,benzeneUA,2,450.0,0.6988133119275002,0.013520670148752668,benzene-ua
843,MoSDeF,MD,hoomd,ethanolAA,3,280.0,0.8144302185776947,0.006826408404743358,oplsaa
844,MoSDeF,MD,lammps-VU,methaneUA,13,140.0,0.3759067001801552,0.004470397181283966,trappe-ua
845,MoSDeF,MC,cassandra,ethanolAA,15,300.0,0.7900365734375,0.007101465070971194,oplsaa
846,MoSDeF,MC,mcccs,ethanolAA,10,300.0,0.791557922526337,0.0068319378180397355,oplsaa
847,MoSDeF,MD,gromacs,waterSPCE,12,320.0,0.9864452632422733,0.008069247862397726,spce
848,MoSDeF,MD,lammps-VU,waterSPCE,5,320.0,0.9863945017611532,0.00783711766478612,spce
849,MoSDeF,MD,hoomd,waterSPCE,8,320.0,0.9862734714674994,0.007880877852115907,spce
850,MoSDeF,MC,cassandra,ethanolAA,10,300.0,0.7909270792391667,0.007199132990132785,oplsaa
851,MoSDeF,MC,cassandra,waterSPCE,15,300.0,0.9969455988866667,0.006788159091798569,spce
852,MoSDeF,MC,gomc,pentaneUA-constrain_bonds,10,372.0,0.5409719219820833,0.011146191775024851,trappe-ua
853,MoSDeF,MC,gomc,waterSPCE,9,320.0,0.9876409592062501,0.006915213358210256,spce
854,MoSDeF,MD,lammps-VU,pentaneUA-flexible_bonds,12,372.0,0.5415498006011654,0.011396341772722595,trappe-ua
855,MoSDeF,MC,mcccs,waterSPCE,5,300.0,0.9966588051955503,0.0070350972466816835,spce
856,MoSDeF,MC,gomc,waterSPCE,6,300.0,0.9964185068468334,0.007505208651035612,spce
857,MoSDeF,MC,gomc,ethanolAA,11,280.0,0.8094166237580833,0.006015903921957159,oplsaa
858,MoSDeF,MC,gomc,ethanolAA,13,320.0,0.7684699830479167,0.007094970424679121,oplsaa
859,MoSDeF,MC,mcccs,benzeneUA,4,450.0,0.6978600145683738,0.014695286684963269,benzene-ua
860,MoSDeF,MD,hoomd,ethanolAA,4,300.0,0.7937588454540071,0.00726472947577248,oplsaa
861,MoSDeF,MD,hoomd,waterSPCE,7,280.0,1.0068016184781798,0.007286208867702792,spce
862,MoSDeF,MD,lammps-VU,waterSPCE,9,280.0,1.0071973697262353,0.007013955449932659,spce
863,MoSDeF,MD,gromacs,benzeneUA,12,450.0,0.701755931858062,0.01992700448363015,benzene-ua
864,MoSDeF,MC,gomc,benzeneUA,8,450.0,0.6990535581359166,0.01256370809742108,benzene-ua
865,MoSDeF,MD,gromacs,pentaneUA-flexible_bonds,13,372.0,0.5317661000270649,0.022913866050996313,trappe-ua
866,MoSDeF,MD,lammps-VU,pentaneUA-flexible_bonds,1,372.0,0.544073227833602,0.01155338888326273,trappe-ua
867,MoSDeF,MD,hoomd,waterSPCE,9,280.0,1.0064688072847952,0.007323152996670739,spce
868,MoSDeF,MD,gromacs,ethanolAA,12,300.0,0.7953393236879968,0.010086967021579319,oplsaa
869,MoSDeF,MD,lammps-VU,waterSPCE,0,280.0,1.007091317065971,0.00737155726968739,spce
870,MoSDeF,MC,mcccs,ethanolAA,9,300.0,0.7914329413459213,0.007519091680396635,oplsaa
871,MoSDeF,MD,lammps-VU,methaneUA,6,140.0,0.3759605148828151,0.004438411019440038,trappe-ua
872,MoSDeF,MC,cassandra,ethanolAA,11,300.0,0.7914723436641667,0.007329881758767589,oplsaa
873,MoSDeF,MD,hoomd,ethanolAA,4,280.0,0.8145094287280905,0.006658802460208563,oplsaa
874,MoSDeF,MC,gomc,pentaneUA-constrain_bonds,12,372.0,0.5404184629258333,0.011770658750962205,trappe-ua
875,MoSDeF,MD,gromacs,ethanolAA,1,280.0,0.8167250188390057,0.009495111464567892,oplsaa
876,MoSDeF,MC,cassandra,waterSPCE,1,320.0,0.9879557924708333,0.008248579625183041,spce
877,MoSDeF,MD,gromacs,ethanolAA,10,320.0,0.7737268285600692,0.010492257625709595,oplsaa
878,MoSDeF,MD,hoomd,ethanolAA,13,320.0,0.7720631502259737,0.007860047742855843,oplsaa
879,MoSDeF,MD,hoomd,pentaneUA-flexible_bonds,9,372.0,0.5180245219623496,0.013186577099237174,trappe-ua
880,MoSDeF,MC,gomc,waterSPCE,15,280.0,1.006528671195,0.005543448268481551,spce
881,MoSDeF,MC,gomc,benzeneUA,1,450.0,0.6994650150781666,0.01272902978057565,benzene-ua
882,MoSDeF,MC,mcccs,methaneUA,5,140.0,0.37570469912175414,0.004454722082578434,trappe-ua
883,MoSDeF,MD,hoomd,pentaneUA-constrain_bonds,14,372.0,0.5415435619261374,0.01203083519354089,trappe-ua
884,MoSDeF,MC,mcccs,benzeneUA,2,450.0,0.698593324617822,0.013858295855437172,benzene-ua
885,MoSDeF,MD,hoomd,ethanolAA,9,320.0,0.771963433410607,0.007767518067088481,oplsaa
886,MoSDeF,MD,lammps-VU,methaneUA,0,140.0,0.37603465644619083,0.004483606819399972,trappe-ua
887,MoSDeF,MD,gromacs,methaneUA,5,140.0,0.3759585525887986,0.0044220787860469795,trappe-ua
888,MoSDeF,MC,gomc,pentaneUA-constrain_bonds,3,372.0,0.5404575487600833,0.011738137342828381,trappe-ua
889,MoSDeF,MD,hoomd,methaneUA,9,140.0,0.3759623193504381,0.004481271556204728,trappe-ua
890,MoSDeF,MC,cassandra,waterSPCE,13,280.0,1.0076895375425,0.008394703504850408,spce
891,MoSDeF,MC,gomc,waterSPCE,12,280.0,1.0087260655499166,0.006337237858077808,spce
892,MoSDeF,MD,lammps-VU,ethanolAA,15,300.0,0.7958002299385335,0.007187604839009181,oplsaa
893,MoSDeF,MD,hoomd,benzeneUA,13,450.0,0.6991799618237737,0.013706273201932774,benzene-ua
894,MoSDeF,MC,gomc,waterSPCE,10,300.0,0.9980012532048332,0.005722790664385522,spce
895,MoSDeF,MC,gomc,benzeneUA,0,450.0,0.6974005564801667,0.01298394699648449,benzene-ua
